{"stats":{"minecraft:custom":{"minecraft:mob_kills":15,"minecraft:interact_with_crafting_table":41,"minecraft:interact_with_campfire":2,"minecraft:leave_game":2,"minecraft:time_since_death":172511,"minecraft:climb_one_cm":2004,"minecraft:sprint_one_cm":50040,"minecraft:walk_one_cm":622391,"minecraft:damage_blocked_by_shield":585,"minecraft:drop":10,"minecraft:talked_to_villager":2,"minecraft:play_time":186265,"minecraft:deaths":5,"minecraft:sneak_time":2615,"minecraft:walk_under_water_one_cm":9611,"minecraft:jump":1191,"minecraft:walk_on_water_one_cm":31557,"minecraft:total_world_time":186265,"minecraft:interact_with_furnace":29,"minecraft:interact_with_loom":1,"minecraft:sleep_in_bed":2,"minecraft:time_since_rest":3111,"minecraft:damage_taken":2275,"minecraft:damage_dealt":2304,"minecraft:swim_one_cm":11178,"minecraft:fly_one_cm":49448,"minecraft:open_chest":28,"minecraft:crouch_one_cm":7924,"tombstone:undead_killed":3,"minecraft:fish_caught":1,"minecraft:fall_one_cm":11005},"minecraft:crafted":{"minecraft:wooden_sword":1,"minecraft:stone_shovel":1,"minecraft:fishing_rod":1,"minecraft:furnace":4,"minecraft:ladder":6,"minecraft:stone_pickaxe":11,"minecraft:chest":4,"minecraft:crafting_table":5,"minecraft:spruce_planks":148,"minecraft:wooden_pickaxe":2,"minecraft:iron_helmet":1,"minecraft:iron_sword":1,"minecraft:spruce_door":3,"minecraft:bucket":1,"minecraft:campfire":2,"minecraft:stone_axe":1,"minecraft:iron_chestplate":1,"minecraft:charcoal":14,"minecraft:shield":1,"minecraft:stick":80,"minecraft:iron_ingot":34,"minecraft:iron_pickaxe":1,"minecraft:wooden_axe":1,"minecraft:stone_sword":1,"minecraft:iron_leggings":1,"minecraft:gold_ingot":4,"minecraft:white_bed":1,"minecraft:torch":80,"minecraft:shears":1},"minecraft:broken":{"minecraft:golden_hoe":1,"minecraft:wooden_pickaxe":1,"minecraft:stone_pickaxe":6},"minecraft:killed":{"minecraft:spider":1,"minecraft:skeleton":1,"minecraft:turtle":1,"minecraft:pig":2,"minecraft:bat":1,"minecraft:creeper":1,"minecraft:sheep":5,"minecraft:zombie":2,"chococraft:chocobo":1},"minecraft:mined":{"minecraft:granite":11,"minecraft:grass_block":42,"minecraft:spruce_leaves":70,"minecraft:rooted_dirt":12,"minecraft:large_fern":3,"minecraft:magma_block":9,"minecraft:redstone_ore":4,"minecraft:iron_ore":29,"minecraft:andesite":129,"minecraft:pumpkin":10,"minecraft:deepslate_lapis_ore":3,"chococraft:gysahl_green":46,"minecraft:deepslate_iron_ore":5,"minecraft:rail":47,"minecraft:stone":500,"minecraft:podzol":4,"minecraft:crafting_table":1,"minecraft:clay":11,"minecraft:torch":6,"minecraft:poppy":1,"minecraft:dead_bush":2,"minecraft:lectern":1,"minecraft:tall_grass":9,"minecraft:cobblestone":64,"minecraft:sugar_cane":4,"minecraft:oak_planks":2,"minecraft:bricks":6,"minecraft:diorite":47,"minecraft:wall_torch":3,"minecraft:spruce_stairs":2,"minecraft:coarse_dirt":4,"minecraft:sweet_berry_bush":4,"minecraft:wheat":3,"minecraft:spruce_log":96,"minecraft:grass":27,"minecraft:oak_log":28,"minecraft:coal_ore":74,"minecraft:gravel":41,"minecraft:sand":8,"minecraft:dirt":69,"minecraft:cobweb":21,"minecraft:gold_ore":4,"minecraft:netherrack":3,"minecraft:oak_leaves":3,"minecraft:fern":15,"minecraft:deepslate":6,"minecraft:suspicious_gravel":1},"minecraft:picked_up":{"minecraft:coarse_dirt":4,"chococraft:loverly_gysahl_green":2,"minecraft:crafting_table":1,"minecraft:wheat":1,"minecraft:clay_ball":44,"minecraft:brown_mushroom":6,"tombstone:grave_key":1,"minecraft:string":22,"minecraft:moss_carpet":3,"minecraft:cobbled_deepslate":5,"minecraft:azalea":2,"minecraft:lectern":1,"minecraft:sugar_cane":4,"minecraft:raw_iron":34,"minecraft:stick":4,"minecraft:torch":12,"minecraft:spruce_stairs":2,"minecraft:porkchop":3,"minecraft:diorite":47,"minecraft:redstone":17,"chococraft:chocobo_drumstick_raw":2,"minecraft:mutton":6,"minecraft:white_wool":5,"minecraft:rail":48,"minecraft:cobblestone":553,"minecraft:magma_block":8,"minecraft:andesite":126,"minecraft:flint":3,"minecraft:oak_log":28,"minecraft:lapis_lazuli":20,"minecraft:dirt":164,"chococraft:chocobo_feather":1,"chococraft:gysahl_green":114,"chococraft:gold_gysahl":2,"minecraft:wheat_seeds":12,"minecraft:raw_gold":4,"minecraft:oak_planks":3,"minecraft:cooked_porkchop":2,"minecraft:pumpkin":10,"minecraft:sweet_berries":11,"minecraft:gravel":37,"minecraft:sand":8,"minecraft:spruce_sapling":7,"chococraft:gysahl_green_seeds":43,"minecraft:spruce_log":94,"minecraft:granite":9,"minecraft:rooted_dirt":24,"minecraft:netherrack":3,"minecraft:coal":74,"minecraft:bricks":6},"minecraft:dropped":{"minecraft:rooted_dirt":12,"chococraft:gysahl_green_seeds":14,"minecraft:spruce_stairs":2,"minecraft:dirt":78,"chococraft:chocobo_drumstick_raw":1,"minecraft:moss_carpet":3,"minecraft:clay_ball":44,"chococraft:gysahl_green":1},"minecraft:used":{"minecraft:stone_sword":77,"minecraft:flint_and_steel":4,"minecraft:ladder":4,"minecraft:chest":4,"minecraft:shield":5,"minecraft:torch":84,"minecraft:dirt":6,"minecraft:wooden_axe":31,"minecraft:furnace":4,"minecraft:spruce_door":2,"minecraft:stone_pickaxe":883,"minecraft:wooden_pickaxe":60,"minecraft:golden_hoe":32,"minecraft:crafting_table":5,"minecraft:white_bed":1,"minecraft:campfire":2,"minecraft:shears":11,"minecraft:iron_pickaxe":49,"minecraft:stone_axe":89,"minecraft:fishing_rod":15,"minecraft:wooden_sword":7,"minecraft:cobblestone":276,"minecraft:andesite":4,"minecraft:bucket":1,"chococraft:gysahl_green":57,"minecraft:coarse_dirt":1},"minecraft:killed_by":{"minecraft:zombie":1}},"DataVersion":3465}