{"stats":{"minecraft:custom":{"minecraft:mob_kills":25,"minecraft:interact_with_crafting_table":60,"minecraft:interact_with_campfire":2,"minecraft:leave_game":2,"minecraft:time_since_death":287288,"minecraft:climb_one_cm":9422,"minecraft:sprint_one_cm":69205,"minecraft:walk_one_cm":857015,"minecraft:damage_blocked_by_shield":585,"minecraft:drop":16,"minecraft:talked_to_villager":2,"minecraft:play_time":301042,"minecraft:deaths":5,"minecraft:sneak_time":2860,"minecraft:walk_under_water_one_cm":23950,"minecraft:jump":1560,"minecraft:walk_on_water_one_cm":60726,"minecraft:total_world_time":301042,"minecraft:interact_with_furnace":32,"minecraft:interact_with_loom":1,"minecraft:sleep_in_bed":3,"minecraft:time_since_rest":27575,"minecraft:damage_taken":2581,"minecraft:damage_dealt":3460,"minecraft:swim_one_cm":20295,"minecraft:fly_one_cm":76134,"minecraft:open_chest":37,"minecraft:crouch_one_cm":8690,"tombstone:undead_killed":6,"minecraft:fish_caught":3,"minecraft:fall_one_cm":15124},"minecraft:crafted":{"minecraft:wooden_sword":1,"minecraft:oak_door":3,"minecraft:oak_planks":244,"minecraft:stone_shovel":2,"minecraft:fishing_rod":1,"minecraft:furnace":5,"minecraft:glass_pane":16,"minecraft:glass":6,"minecraft:ladder":15,"minecraft:stone_pickaxe":12,"minecraft:chest":6,"minecraft:oak_fence":15,"minecraft:crafting_table":7,"minecraft:spruce_planks":160,"minecraft:wooden_pickaxe":2,"minecraft:iron_helmet":1,"minecraft:iron_sword":1,"minecraft:spruce_door":3,"minecraft:bucket":1,"minecraft:campfire":2,"minecraft:stone_axe":1,"minecraft:iron_chestplate":1,"minecraft:charcoal":14,"minecraft:shield":1,"minecraft:stick":128,"minecraft:iron_ingot":34,"minecraft:iron_pickaxe":1,"minecraft:wooden_axe":1,"minecraft:stone_sword":2,"minecraft:iron_leggings":1,"minecraft:gold_ingot":4,"minecraft:white_bed":3,"minecraft:torch":100,"minecraft:shears":1},"minecraft:broken":{"minecraft:golden_hoe":1,"minecraft:wooden_pickaxe":1,"minecraft:stone_pickaxe":8,"minecraft:stone_axe":1},"minecraft:killed":{"minecraft:spider":1,"minecraft:skeleton":1,"minecraft:turtle":1,"minecraft:pig":4,"minecraft:bat":1,"minecraft:creeper":1,"minecraft:sheep":10,"minecraft:zombie":5,"chococraft:chocobo":1},"minecraft:mined":{"minecraft:granite":11,"minecraft:grass_block":42,"minecraft:spruce_leaves":70,"minecraft:sandstone":136,"minecraft:rooted_dirt":12,"minecraft:large_fern":3,"minecraft:magma_block":9,"minecraft:redstone_ore":4,"minecraft:iron_ore":32,"minecraft:andesite":134,"minecraft:pumpkin":10,"minecraft:deepslate_lapis_ore":3,"chococraft:gysahl_green":46,"minecraft:deepslate_iron_ore":5,"minecraft:rail":47,"minecraft:stone":595,"minecraft:podzol":4,"minecraft:glass_pane":1,"minecraft:clay":11,"minecraft:crafting_table":1,"minecraft:torch":10,"minecraft:poppy":1,"minecraft:dead_bush":2,"minecraft:lectern":1,"minecraft:tall_grass":9,"minecraft:cobblestone":69,"minecraft:sugar_cane":8,"minecraft:oak_planks":10,"minecraft:bricks":6,"minecraft:diorite":47,"minecraft:wall_torch":4,"minecraft:seagrass":1,"minecraft:spruce_stairs":2,"minecraft:coarse_dirt":4,"minecraft:wheat":3,"minecraft:sweet_berry_bush":4,"minecraft:spruce_log":96,"minecraft:grass":30,"minecraft:oak_log":62,"minecraft:coal_ore":121,"minecraft:gravel":42,"minecraft:sand":43,"minecraft:dirt":80,"minecraft:cobweb":21,"minecraft:netherrack":3,"minecraft:gold_ore":4,"minecraft:oak_leaves":7,"minecraft:deepslate":6,"minecraft:fern":15,"minecraft:suspicious_gravel":1},"minecraft:picked_up":{"chococraft:loverly_gysahl_green":2,"minecraft:crafting_table":1,"minecraft:coarse_dirt":4,"minecraft:wheat":1,"minecraft:clay_ball":44,"minecraft:brown_mushroom":6,"tombstone:grave_key":1,"minecraft:string":22,"minecraft:moss_carpet":3,"minecraft:cobbled_deepslate":5,"minecraft:azalea":2,"minecraft:lectern":1,"minecraft:sugar_cane":8,"minecraft:stick":5,"minecraft:raw_iron":37,"minecraft:sandstone":135,"minecraft:torch":17,"minecraft:spruce_stairs":2,"minecraft:porkchop":9,"minecraft:diorite":47,"minecraft:redstone":17,"minecraft:rotten_flesh":1,"chococraft:chocobo_drumstick_raw":2,"minecraft:mutton":15,"minecraft:cod":1,"minecraft:rail":48,"minecraft:white_wool":9,"minecraft:cobblestone":651,"minecraft:magma_block":8,"minecraft:salmon":1,"minecraft:andesite":136,"minecraft:flint":3,"minecraft:oak_log":61,"minecraft:lapis_lazuli":20,"minecraft:dirt":175,"chococraft:chocobo_feather":1,"chococraft:gysahl_green":114,"chococraft:gold_gysahl":2,"minecraft:wheat_seeds":13,"minecraft:raw_gold":4,"minecraft:stone_pickaxe":1,"minecraft:oak_planks":11,"minecraft:cooked_porkchop":2,"minecraft:pumpkin":10,"minecraft:sweet_berries":11,"minecraft:gravel":38,"minecraft:sand":35,"minecraft:spruce_sapling":7,"chococraft:gysahl_green_seeds":43,"minecraft:spruce_log":94,"minecraft:granite":9,"minecraft:gray_wool":1,"minecraft:rooted_dirt":24,"minecraft:netherrack":3,"minecraft:coal":121,"minecraft:bricks":6},"minecraft:dropped":{"minecraft:cobblestone":67,"minecraft:rooted_dirt":12,"chococraft:gysahl_green_seeds":14,"minecraft:spruce_stairs":2,"minecraft:dirt":78,"chococraft:chocobo_drumstick_raw":1,"minecraft:sand":7,"minecraft:moss_carpet":3,"minecraft:clay_ball":44,"minecraft:andesite":6,"minecraft:stone_pickaxe":1,"chococraft:gysahl_green":1},"minecraft:used":{"minecraft:oak_fence":15,"minecraft:stone_sword":109,"minecraft:flint_and_steel":4,"minecraft:stone_shovel":19,"minecraft:ladder":11,"minecraft:chest":6,"minecraft:shield":5,"minecraft:oak_door":2,"minecraft:torch":108,"minecraft:dirt":19,"minecraft:wooden_axe":31,"minecraft:furnace":5,"minecraft:spruce_door":2,"minecraft:stone_pickaxe":1169,"minecraft:oak_planks":133,"minecraft:wooden_pickaxe":60,"minecraft:sandstone":45,"minecraft:golden_hoe":32,"minecraft:crafting_table":7,"minecraft:white_bed":3,"minecraft:campfire":2,"minecraft:shears":11,"minecraft:iron_pickaxe":55,"minecraft:stone_axe":134,"minecraft:fishing_rod":17,"minecraft:wooden_sword":7,"minecraft:cobblestone":298,"minecraft:andesite":4,"minecraft:bucket":1,"minecraft:glass_pane":7,"chococraft:gysahl_green":75,"minecraft:coarse_dirt":1},"minecraft:killed_by":{"minecraft:zombie":1}},"DataVersion":3465}