{"stats":{"minecraft:custom":{"minecraft:interact_with_furnace":27,"minecraft:mob_kills":9,"minecraft:interact_with_crafting_table":34,"minecraft:interact_with_loom":1,"minecraft:interact_with_campfire":2,"minecraft:leave_game":2,"minecraft:time_since_death":148511,"minecraft:sleep_in_bed":1,"minecraft:time_since_rest":33896,"minecraft:damage_taken":2275,"minecraft:sprint_one_cm":45692,"minecraft:walk_one_cm":526241,"minecraft:damage_blocked_by_shield":585,"minecraft:drop":7,"minecraft:damage_dealt":1804,"minecraft:swim_one_cm":11178,"minecraft:talked_to_villager":2,"minecraft:fly_one_cm":39438,"minecraft:open_chest":27,"minecraft:crouch_one_cm":7523,"minecraft:play_time":162265,"tombstone:undead_killed":3,"minecraft:deaths":5,"minecraft:sneak_time":2286,"minecraft:walk_under_water_one_cm":7243,"minecraft:jump":1040,"minecraft:walk_on_water_one_cm":18163,"minecraft:total_world_time":162265,"minecraft:fish_caught":1,"minecraft:fall_one_cm":8797},"minecraft:crafted":{"minecraft:wooden_sword":1,"minecraft:stone_shovel":1,"minecraft:fishing_rod":1,"minecraft:crafting_table":4,"minecraft:spruce_planks":124,"minecraft:iron_helmet":1,"minecraft:wooden_pickaxe":2,"minecraft:iron_sword":1,"minecraft:furnace":2,"minecraft:bucket":1,"minecraft:campfire":1,"minecraft:stone_axe":1,"minecraft:iron_chestplate":1,"minecraft:charcoal":14,"minecraft:shield":1,"minecraft:stick":80,"minecraft:iron_ingot":34,"minecraft:iron_pickaxe":1,"minecraft:stone_pickaxe":8,"minecraft:wooden_axe":1,"minecraft:stone_sword":1,"minecraft:chest":3,"minecraft:gold_ingot":4,"minecraft:iron_leggings":1,"minecraft:torch":80,"minecraft:shears":1},"minecraft:broken":{"minecraft:stone_pickaxe":5,"minecraft:golden_hoe":1,"minecraft:wooden_pickaxe":1},"minecraft:killed":{"minecraft:pig":1,"minecraft:spider":1,"minecraft:bat":1,"minecraft:creeper":1,"minecraft:skeleton":1,"minecraft:zombie":2,"minecraft:turtle":1,"chococraft:chocobo":1},"minecraft:mined":{"minecraft:podzol":4,"minecraft:clay":11,"minecraft:crafting_table":1,"minecraft:torch":5,"minecraft:granite":11,"minecraft:grass_block":3,"minecraft:poppy":1,"minecraft:dead_bush":2,"minecraft:lectern":1,"minecraft:cobblestone":61,"minecraft:spruce_leaves":70,"minecraft:bricks":6,"minecraft:oak_planks":2,"minecraft:sugar_cane":4,"minecraft:diorite":47,"minecraft:rooted_dirt":12,"minecraft:wall_torch":3,"minecraft:large_fern":3,"minecraft:spruce_stairs":2,"minecraft:redstone_ore":4,"minecraft:coarse_dirt":4,"minecraft:magma_block":9,"minecraft:iron_ore":29,"minecraft:wheat":3,"minecraft:sweet_berry_bush":4,"minecraft:spruce_log":96,"minecraft:andesite":129,"minecraft:pumpkin":10,"minecraft:deepslate_lapis_ore":3,"minecraft:grass":12,"chococraft:gysahl_green":46,"minecraft:coal_ore":74,"minecraft:deepslate_iron_ore":5,"minecraft:rail":47,"minecraft:gravel":41,"minecraft:sand":8,"minecraft:dirt":50,"minecraft:cobweb":21,"minecraft:stone":437,"minecraft:netherrack":3,"minecraft:gold_ore":4,"minecraft:deepslate":6,"minecraft:fern":15,"minecraft:suspicious_gravel":1},"minecraft:picked_up":{"minecraft:crafting_table":1,"chococraft:loverly_gysahl_green":2,"minecraft:magma_block":8,"minecraft:coarse_dirt":4,"minecraft:wheat":1,"minecraft:clay_ball":44,"minecraft:andesite":126,"minecraft:brown_mushroom":6,"minecraft:flint":3,"tombstone:grave_key":1,"minecraft:lapis_lazuli":20,"minecraft:dirt":52,"minecraft:string":22,"minecraft:moss_carpet":3,"chococraft:chocobo_feather":1,"chococraft:gysahl_green":114,"chococraft:gold_gysahl":2,"minecraft:wheat_seeds":12,"minecraft:cobbled_deepslate":5,"minecraft:raw_gold":4,"minecraft:azalea":2,"minecraft:lectern":1,"minecraft:sugar_cane":4,"minecraft:oak_planks":3,"minecraft:stick":4,"minecraft:raw_iron":34,"minecraft:cooked_porkchop":2,"minecraft:pumpkin":10,"minecraft:sweet_berries":11,"minecraft:torch":10,"minecraft:spruce_stairs":2,"minecraft:gravel":37,"minecraft:porkchop":2,"minecraft:sand":8,"chococraft:gysahl_green_seeds":43,"minecraft:spruce_sapling":7,"minecraft:diorite":47,"minecraft:spruce_log":94,"minecraft:redstone":17,"minecraft:granite":9,"chococraft:chocobo_drumstick_raw":1,"minecraft:rooted_dirt":24,"minecraft:netherrack":3,"minecraft:bricks":6,"minecraft:coal":74,"minecraft:rail":48,"minecraft:cobblestone":486},"minecraft:dropped":{"minecraft:moss_carpet":3,"minecraft:clay_ball":44,"minecraft:rooted_dirt":12,"chococraft:gysahl_green_seeds":14,"minecraft:spruce_stairs":2,"minecraft:dirt":28,"chococraft:gysahl_green":1},"minecraft:used":{"minecraft:stone_sword":65,"minecraft:flint_and_steel":4,"minecraft:stone_pickaxe":848,"minecraft:wooden_pickaxe":60,"minecraft:chest":3,"minecraft:shield":5,"minecraft:torch":75,"minecraft:golden_hoe":32,"minecraft:dirt":6,"minecraft:crafting_table":4,"minecraft:campfire":1,"minecraft:shears":11,"minecraft:wooden_axe":31,"minecraft:iron_pickaxe":18,"minecraft:stone_axe":57,"minecraft:fishing_rod":15,"minecraft:wooden_sword":7,"minecraft:cobblestone":218,"minecraft:furnace":2,"minecraft:bucket":1,"minecraft:andesite":4,"chococraft:gysahl_green":57,"minecraft:coarse_dirt":1},"minecraft:killed_by":{"minecraft:zombie":1}},"DataVersion":3465}