{"stats":{"minecraft:custom":{"minecraft:mob_kills":59,"minecraft:interact_with_crafting_table":76,"minecraft:leave_game":1,"minecraft:time_since_death":172773,"minecraft:sprint_one_cm":357608,"minecraft:walk_one_cm":497035,"minecraft:drop":33,"minecraft:play_time":196979,"minecraft:deaths":3,"minecraft:sneak_time":10132,"minecraft:walk_under_water_one_cm":22154,"minecraft:jump":3174,"minecraft:walk_on_water_one_cm":47019,"minecraft:total_world_time":196979,"minecraft:interact_with_furnace":76,"minecraft:sleep_in_bed":1,"minecraft:time_since_rest":84128,"minecraft:damage_taken":6131,"minecraft:damage_dealt":11813,"tombstone:cast_on_ally":0,"minecraft:swim_one_cm":14748,"minecraft:fly_one_cm":440385,"minecraft:open_chest":84,"minecraft:crouch_one_cm":19208,"tombstone:undead_killed":33,"minecraft:fall_one_cm":44075},"minecraft:crafted":{"aether:iron_ring":1,"minecraft:furnace":1,"minecraft:stone_button":9,"minecraft:stone":9,"minecraft:heavy_weighted_pressure_plate":1,"minecraft:glass":16,"minecraft:iron_boots":1,"minecraft:stone_pickaxe":3,"minecraft:chest":2,"minecraft:redstone_block":8,"chiselsandbits:chisel_stone":1,"minecraft:cooked_beef":24,"minecraft:crafting_table":2,"minecraft:spruce_planks":52,"travelersbackpack:backpack_tank":2,"minecraft:baked_potato":10,"minecraft:wooden_pickaxe":1,"minecraft:iron_helmet":1,"minecraft:iron_sword":1,"chococraft:chocopedia":1,"minecraft:bucket":1,"minecraft:air":0,"aether:iron_gloves":2,"minecraft:white_wool":3,"minecraft:iron_chestplate":1,"minecraft:stick":28,"minecraft:iron_ingot":206,"minecraft:leather_chestplate":1,"minecraft:iron_pickaxe":4,"minecraft:wooden_axe":1,"minecraft:iron_block":8,"minecraft:stone_sword":1,"minecraft:iron_leggings":2,"minecraft:iron_shovel":2,"minecraft:gold_ingot":19,"aether:white_cape":1,"minecraft:torch":4,"minecraft:lapis_block":34},"minecraft:broken":{"minecraft:iron_shovel":1,"minecraft:iron_boots":1,"minecraft:wooden_pickaxe":1,"minecraft:stone_pickaxe":2,"minecraft:iron_pickaxe":3,"minecraft:iron_helmet":1,"minecraft:wooden_axe":1},"minecraft:killed":{"minecraft:spider":9,"minecraft:skeleton":7,"minecraft:chicken":1,"minecraft:creeper":1,"alexsmobs:cockroach":1,"minecraft:zombie":26,"minecraft:cow":11},"minecraft:mined":{"minecraft:diamond_ore":1,"minecraft:tuff":2,"minecraft:granite":19,"minecraft:grass_block":235,"minecraft:spruce_leaves":15,"minecraft:sandstone":7,"minecraft:spawner":1,"minecraft:magma_block":2,"minecraft:redstone_ore":26,"minecraft:furnace":6,"minecraft:iron_ore":210,"minecraft:andesite":55,"minecraft:pumpkin":4,"minecraft:deepslate_lapis_ore":14,"chococraft:gysahl_green":72,"minecraft:bookshelf":6,"minecraft:deepslate_iron_ore":33,"minecraft:rail":95,"minecraft:stone":666,"minecraft:deepslate_redstone_ore":2,"minecraft:brown_mushroom":5,"minecraft:crafting_table":10,"minecraft:torch":10,"minecraft:glass":1,"minecraft:tall_grass":2,"minecraft:copper_ore":18,"minecraft:cobblestone":32,"minecraft:deepslate_coal_ore":4,"minecraft:lapis_ore":32,"minecraft:deepslate_gold_ore":8,"minecraft:sugar_cane":3,"minecraft:diorite":10,"minecraft:wall_torch":25,"minecraft:purple_bed":1,"minecraft:sweet_berry_bush":21,"minecraft:spruce_log":46,"minecraft:grass":28,"minecraft:coal_ore":80,"minecraft:gravel":3,"minecraft:sand":20,"minecraft:dirt":56,"minecraft:cobweb":7,"minecraft:raw_copper_block":1,"minecraft:gold_ore":15,"minecraft:deepslate":17,"minecraft:fern":4},"minecraft:picked_up":{"chococraft:loverly_gysahl_green":6,"minecraft:crafting_table":10,"minecraft:chicken":1,"minecraft:brown_mushroom":2,"minecraft:enchanted_book":1,"minecraft:string":13,"minecraft:raw_copper":67,"minecraft:cobbled_deepslate":17,"minecraft:beef":24,"minecraft:sugar_cane":5,"minecraft:furnace":6,"minecraft:raw_copper_block":1,"minecraft:raw_iron":242,"minecraft:torch":37,"tombstone:grave_dust":3,"minecraft:diorite":10,"minecraft:redstone":109,"minecraft:arrow":4,"minecraft:rotten_flesh":25,"chiselsandbits:chisel_stone":1,"tombstone:essence_of_undeath":3,"aether:white_cape":1,"minecraft:cobblestone":702,"minecraft:rail":95,"minecraft:white_wool":4,"minecraft:magma_block":2,"minecraft:leather_chestplate":1,"minecraft:feather":2,"minecraft:glow_ink_sac":1,"minecraft:andesite":50,"minecraft:leather":8,"minecraft:tuff":3,"minecraft:gunpowder":6,"minecraft:lapis_lazuli":297,"minecraft:dirt":284,"minecraft:bone":5,"chococraft:chocopedia":1,"chococraft:gysahl_green":188,"chiselsandbits:chiseled_block":16,"chococraft:gold_gysahl":3,"minecraft:wheat_seeds":24,"minecraft:raw_gold":22,"minecraft:stone_pickaxe":1,"minecraft:iron_ingot":2,"minecraft:book":18,"minecraft:pumpkin":4,"minecraft:sweet_berries":54,"minecraft:sand":16,"minecraft:spruce_sapling":1,"chococraft:gysahl_green_seeds":53,"minecraft:spruce_log":46,"minecraft:spider_eye":2,"minecraft:iron_hoe":1,"minecraft:purple_bed":1,"minecraft:diamond":1,"minecraft:granite":13,"tombstone:magic_scroll":2,"minecraft:coal":111},"minecraft:dropped":{"minecraft:enchanted_book":1,"aether:white_cape":1,"chococraft:loverly_gysahl_green":2,"minecraft:wheat_seeds":1,"chococraft:gold_gysahl":1,"minecraft:feather":2,"chococraft:gysahl_green_seeds":40,"chococraft:chocopedia":1,"tombstone:dust_of_vanishing":1,"tombstone:grave_key":2,"chiselsandbits:block_bit":12,"minecraft:iron_hoe":1,"chiselsandbits:chisel_stone":1,"minecraft:leather_chestplate":1,"minecraft:gunpowder":1,"aether:iron_gloves":1,"tombstone:essence_of_undeath":3,"minecraft:stone_pickaxe":1,"chococraft:gysahl_green":7},"minecraft:used":{"tombstone:scroll_of_unstable_intangibility":1,"minecraft:stone_sword":107,"minecraft:iron_shovel":295,"chiselsandbits:chiseled_block":6,"minecraft:chest":2,"minecraft:spruce_planks":8,"minecraft:iron_sword":110,"minecraft:torch":36,"minecraft:dirt":201,"minecraft:granite":11,"minecraft:glass":1,"minecraft:wooden_axe":48,"minecraft:sweet_berries":63,"minecraft:furnace":7,"tombstone:gift":4,"minecraft:cooked_beef":24,"minecraft:water_bucket":12,"minecraft:diorite":6,"minecraft:stone_pickaxe":409,"minecraft:baked_potato":10,"minecraft:wooden_pickaxe":59,"minecraft:white_wool":1,"minecraft:crafting_table":11,"chococraft:gysahl_green_seeds":13,"minecraft:iron_pickaxe":923,"tombstone:magic_scroll":4,"tombstone:grave_key":1,"minecraft:spruce_sapling":1,"minecraft:cobblestone":556,"minecraft:purple_bed":1,"minecraft:andesite":28,"minecraft:bucket":13,"chococraft:gysahl_green":120}},"DataVersion":3465}