{"stats":{"minecraft:used":{"minecraft:crafting_table":1,"minecraft:oak_sapling":1,"minecraft:wooden_pickaxe":34},"minecraft:mined":{"minecraft:grass":5,"minecraft:coal_ore":20,"minecraft:oak_log":5,"minecraft:mud":4,"minecraft:stone":14,"minecraft:mangrove_roots":5,"minecraft:crafting_table":1,"minecraft:oak_leaves":2},"minecraft:crafted":{"minecraft:oak_planks":20,"minecraft:torch":4,"minecraft:crafting_table":1,"minecraft:stick":4,"minecraft:wooden_pickaxe":1},"minecraft:picked_up":{"minecraft:mud":4,"minecraft:crafting_table":1,"minecraft:oak_log":5,"minecraft:mangrove_roots":5,"minecraft:oak_sapling":1,"minecraft:coal":20,"minecraft:cobblestone":13,"minecraft:moss_carpet":2},"minecraft:custom":{"minecraft:time_since_rest":4724,"minecraft:crouch_one_cm":156,"minecraft:play_time":4724,"minecraft:sprint_one_cm":12081,"minecraft:walk_one_cm":6583,"minecraft:sneak_time":196,"minecraft:jump":69,"minecraft:time_since_death":4724,"minecraft:total_world_time":4724,"minecraft:interact_with_crafting_table":2,"minecraft:fall_one_cm":2055,"minecraft:fly_one_cm":16148}},"DataVersion":3465}