{"stats":{"minecraft:custom":{"minecraft:mob_kills":165,"minecraft:interact_with_crafting_table":106,"minecraft:open_barrel":6,"minecraft:leave_game":1,"minecraft:time_since_death":279,"minecraft:climb_one_cm":1325,"minecraft:sprint_one_cm":641553,"minecraft:walk_one_cm":728685,"minecraft:damage_blocked_by_shield":2820,"minecraft:drop":46,"minecraft:play_noteblock":2,"minecraft:play_time":292791,"minecraft:sneak_time":11579,"minecraft:deaths":17,"minecraft:walk_under_water_one_cm":27489,"minecraft:boat_one_cm":275092,"minecraft:jump":5271,"minecraft:walk_on_water_one_cm":52058,"minecraft:total_world_time":292791,"minecraft:interact_with_furnace":122,"minecraft:sleep_in_bed":1,"minecraft:time_since_rest":33,"minecraft:damage_taken":11971,"minecraft:damage_dealt":26883,"tombstone:cast_on_ally":0,"minecraft:swim_one_cm":17882,"minecraft:fly_one_cm":838378,"minecraft:open_chest":117,"minecraft:crouch_one_cm":21256,"tombstone:undead_killed":73,"minecraft:fall_one_cm":94418},"minecraft:crafted":{"aether:iron_ring":1,"minecraft:cooked_chicken":3,"minecraft:furnace":4,"minecraft:stone_button":9,"minecraft:stone":9,"minecraft:heavy_weighted_pressure_plate":1,"minecraft:cooked_mutton":7,"minecraft:glass":16,"minecraft:diamond":27,"travelersbackpack:white_sleeping_bag":1,"minecraft:iron_boots":3,"minecraft:stone_pickaxe":3,"minecraft:chest":3,"minecraft:spruce_boat":1,"minecraft:redstone_block":12,"chiselsandbits:chisel_stone":1,"minecraft:cooked_beef":29,"minecraft:cooked_porkchop":15,"minecraft:crafting_table":7,"minecraft:spruce_planks":228,"minecraft:baked_potato":10,"travelersbackpack:backpack_tank":2,"minecraft:wooden_pickaxe":1,"minecraft:iron_helmet":3,"travelersbackpack:standard":1,"minecraft:iron_sword":2,"chococraft:chocopedia":1,"minecraft:gold_block":18,"minecraft:bucket":1,"minecraft:bread":1,"minecraft:air":0,"aether:iron_gloves":2,"travelersbackpack:wolf":1,"minecraft:white_wool":3,"minecraft:iron_chestplate":2,"minecraft:shield":2,"minecraft:stick":32,"minecraft:leather_chestplate":1,"minecraft:iron_ingot":341,"minecraft:iron_pickaxe":5,"minecraft:wooden_axe":1,"minecraft:iron_block":30,"minecraft:stone_sword":1,"minecraft:iron_leggings":2,"minecraft:iron_shovel":2,"minecraft:gold_ingot":91,"aether:white_cape":1,"minecraft:torch":4,"minecraft:lapis_block":34},"minecraft:broken":{"minecraft:iron_shovel":1,"minecraft:iron_boots":1,"minecraft:iron_chestplate":1,"minecraft:iron_leggings":1,"aether:iron_gloves":1,"minecraft:wooden_pickaxe":1,"minecraft:stone_pickaxe":2,"minecraft:shield":1,"minecraft:iron_sword":1,"minecraft:iron_pickaxe":4,"minecraft:iron_helmet":2,"minecraft:wooden_axe":1},"minecraft:killed":{"minecraft:vex":1,"minecraft:spider":36,"minecraft:skeleton":27,"minecraft:chicken":5,"minecraft:pig":8,"minecraft:creeper":1,"minecraft:sheep":9,"minecraft:zombie":46,"alexsmobs:cockroach":1,"minecraft:cow":22},"minecraft:mined":{"minecraft:dark_oak_planks":1,"minecraft:dark_prismarine":5,"minecraft:diamond_ore":1,"minecraft:tuff":2,"minecraft:black_terracotta":2,"minecraft:brewing_stand":1,"minecraft:granite":19,"minecraft:grass_block":242,"minecraft:mangrove_trapdoor":1,"minecraft:spruce_leaves":19,"minecraft:mud_bricks":5,"minecraft:hopper":1,"minecraft:sandstone":7,"travelersbackpack:wolf":2,"minecraft:spawner":1,"minecraft:large_fern":2,"minecraft:magma_block":2,"minecraft:redstone_ore":26,"minecraft:packed_mud":3,"minecraft:furnace":7,"minecraft:iron_ore":211,"minecraft:barrel":1,"minecraft:andesite":55,"minecraft:pumpkin":4,"minecraft:deepslate_lapis_ore":14,"minecraft:gold_block":9,"chococraft:gysahl_green":119,"minecraft:bookshelf":6,"minecraft:deepslate_iron_ore":33,"minecraft:rail":95,"minecraft:packed_ice":1,"minecraft:stone":702,"minecraft:bone_block":28,"minecraft:smithing_table":1,"minecraft:deepslate_redstone_ore":2,"minecraft:scaffolding":5,"minecraft:flowering_azalea":1,"minecraft:brown_mushroom":5,"minecraft:crafting_table":12,"minecraft:torch":14,"minecraft:rose_bush":1,"minecraft:dead_bush":1,"minecraft:copper_ore":18,"minecraft:tall_grass":2,"minecraft:glass":1,"minecraft:cobblestone":37,"minecraft:deepslate_coal_ore":4,"minecraft:lapis_ore":32,"minecraft:deepslate_gold_ore":8,"minecraft:sugar_cane":3,"minecraft:diorite":10,"minecraft:wall_torch":29,"minecraft:purple_bed":1,"minecraft:sweet_berry_bush":38,"minecraft:spruce_log":46,"minecraft:tnt":2,"minecraft:grass":36,"minecraft:coal_ore":120,"minecraft:gravel":3,"minecraft:sand":20,"minecraft:dirt":60,"structure_gel:dynamic_spawner":5,"minecraft:cobweb":15,"minecraft:cracked_stone_bricks":1,"minecraft:raw_copper_block":1,"minecraft:stone_bricks":1,"minecraft:mossy_stone_bricks":1,"minecraft:gold_ore":15,"minecraft:oak_leaves":5,"minecraft:deepslate":17,"minecraft:fern":6},"minecraft:picked_up":{"minecraft:crafting_table":12,"chococraft:loverly_gysahl_green":18,"minecraft:chicken":5,"minecraft:smithing_table":1,"minecraft:brown_mushroom":4,"minecraft:gold_block":9,"minecraft:potion":1,"minecraft:enchanted_book":1,"minecraft:brewing_stand":1,"minecraft:string":44,"minecraft:raw_copper":131,"minecraft:cracked_stone_bricks":1,"minecraft:cobbled_deepslate":17,"minecraft:beef":33,"minecraft:rose_bush":1,"minecraft:redstone_torch":4,"minecraft:sugar_cane":10,"minecraft:furnace":7,"minecraft:raw_copper_block":1,"minecraft:stick":2,"minecraft:raw_iron":243,"minecraft:torch":44,"minecraft:porkchop":15,"minecraft:stone_button":9,"tombstone:grave_dust":8,"minecraft:diorite":10,"minecraft:redstone":109,"minecraft:dark_oak_planks":1,"minecraft:tnt":2,"minecraft:arrow":18,"minecraft:rotten_flesh":35,"chiselsandbits:chisel_stone":1,"tombstone:essence_of_undeath":3,"minecraft:bone_block":29,"aether:white_cape":1,"minecraft:mutton":12,"minecraft:rail":198,"minecraft:white_wool":12,"minecraft:cobblestone":745,"minecraft:mud_bricks":5,"minecraft:magma_block":2,"minecraft:leather_chestplate":2,"minecraft:feather":8,"minecraft:glow_ink_sac":1,"minecraft:andesite":58,"minecraft:brown_wool":1,"minecraft:leather":12,"minecraft:red_mushroom":2,"minecraft:packed_mud":2,"minecraft:tuff":5,"minecraft:gunpowder":6,"minecraft:lapis_lazuli":299,"minecraft:dirt":373,"minecraft:glass":3,"minecraft:bone":17,"travelersbackpack:backpack_tank":2,"chococraft:chocopedia":2,"chococraft:gysahl_green":320,"chiselsandbits:chiseled_block":16,"minecraft:stone_bricks":1,"chococraft:gold_gysahl":3,"minecraft:bow":2,"minecraft:wheat_seeds":39,"minecraft:raw_gold":22,"minecraft:iron_ingot":2,"minecraft:stone_pickaxe":1,"tombstone:bag_of_seeds":1,"minecraft:mossy_stone_bricks":1,"minecraft:powered_rail":5,"minecraft:flowering_azalea":1,"minecraft:scaffolding":11,"minecraft:book":18,"minecraft:black_terracotta":2,"minecraft:pumpkin":4,"minecraft:sweet_berries":95,"minecraft:sand":16,"chococraft:gysahl_green_seeds":99,"minecraft:spruce_sapling":1,"minecraft:dark_prismarine":5,"minecraft:spruce_log":46,"minecraft:barrel":1,"minecraft:spruce_door":1,"minecraft:spider_eye":7,"travelersbackpack:wolf":2,"minecraft:iron_hoe":1,"minecraft:pumpkin_seeds":1,"minecraft:purple_bed":1,"minecraft:diamond":1,"minecraft:spruce_boat":4,"minecraft:iron_helmet":1,"minecraft:granite":13,"tombstone:magic_scroll":2,"minecraft:coal":151,"minecraft:hopper":1},"minecraft:dropped":{"minecraft:enchanted_book":1,"aether:white_cape":1,"chococraft:loverly_gysahl_green":8,"minecraft:wheat_seeds":1,"chococraft:gold_gysahl":1,"minecraft:feather":3,"minecraft:iron_helmet":1,"chococraft:gysahl_green_seeds":40,"chococraft:chocopedia":1,"tombstone:dust_of_vanishing":1,"tombstone:grave_key":2,"minecraft:mutton":1,"chiselsandbits:block_bit":12,"minecraft:chicken":1,"minecraft:iron_hoe":1,"minecraft:pumpkin_seeds":2,"chiselsandbits:chisel_stone":1,"minecraft:leather_chestplate":1,"minecraft:gunpowder":1,"aether:iron_gloves":1,"minecraft:spider_eye":1,"tombstone:essence_of_undeath":3,"minecraft:stone_pickaxe":1,"chococraft:gysahl_green":7},"minecraft:used":{"tombstone:scroll_of_unstable_intangibility":1,"minecraft:stone_sword":107,"minecraft:iron_shovel":298,"chiselsandbits:chiseled_block":6,"minecraft:shield":68,"minecraft:chest":2,"minecraft:spruce_planks":8,"minecraft:iron_sword":455,"minecraft:cooked_chicken":3,"minecraft:torch":46,"minecraft:dirt":244,"minecraft:granite":11,"minecraft:spruce_boat":5,"minecraft:glass":1,"minecraft:wooden_axe":48,"minecraft:sweet_berries":105,"minecraft:furnace":10,"minecraft:gold_block":1,"tombstone:gift":10,"minecraft:cooked_beef":24,"minecraft:cooked_mutton":7,"minecraft:water_bucket":14,"minecraft:diorite":6,"minecraft:stone_pickaxe":409,"minecraft:baked_potato":10,"minecraft:wooden_pickaxe":59,"minecraft:cracked_stone_bricks":1,"minecraft:white_wool":1,"minecraft:crafting_table":18,"travelersbackpack:wolf":18,"minecraft:black_terracotta":1,"tombstone:bag_of_seeds":2,"minecraft:dark_prismarine":5,"chococraft:gysahl_green_seeds":35,"minecraft:bread":9,"minecraft:iron_pickaxe":1073,"tombstone:magic_scroll":4,"tombstone:grave_key":2,"minecraft:spruce_sapling":1,"minecraft:cobblestone":665,"minecraft:purple_bed":1,"minecraft:cooked_porkchop":4,"minecraft:andesite":28,"minecraft:bucket":15,"chococraft:gysahl_green":160},"minecraft:killed_by":{"minecraft:vex":1}},"DataVersion":3465}