{"stats":{"minecraft:custom":{"minecraft:mob_kills":97,"minecraft:interact_with_crafting_table":84,"minecraft:leave_game":1,"minecraft:time_since_death":11530,"minecraft:sprint_one_cm":571270,"minecraft:walk_one_cm":591158,"minecraft:drop":38,"minecraft:play_time":238791,"minecraft:sneak_time":10394,"minecraft:deaths":4,"minecraft:walk_under_water_one_cm":23385,"minecraft:boat_one_cm":57735,"minecraft:jump":4493,"minecraft:walk_on_water_one_cm":50193,"minecraft:total_world_time":238791,"minecraft:interact_with_furnace":116,"minecraft:sleep_in_bed":1,"minecraft:time_since_rest":11303,"minecraft:damage_taken":6812,"minecraft:damage_dealt":16268,"tombstone:cast_on_ally":0,"minecraft:swim_one_cm":17318,"minecraft:fly_one_cm":713023,"minecraft:open_chest":96,"minecraft:crouch_one_cm":19631,"tombstone:undead_killed":38,"minecraft:fall_one_cm":73013},"minecraft:crafted":{"aether:iron_ring":1,"minecraft:cooked_chicken":3,"minecraft:furnace":3,"minecraft:stone_button":9,"minecraft:stone":9,"minecraft:heavy_weighted_pressure_plate":1,"minecraft:cooked_mutton":7,"minecraft:glass":16,"travelersbackpack:white_sleeping_bag":1,"minecraft:iron_boots":2,"minecraft:stone_pickaxe":3,"minecraft:chest":3,"minecraft:spruce_boat":1,"minecraft:redstone_block":12,"chiselsandbits:chisel_stone":1,"minecraft:cooked_beef":24,"minecraft:cooked_porkchop":9,"minecraft:crafting_table":3,"minecraft:spruce_planks":72,"minecraft:baked_potato":10,"travelersbackpack:backpack_tank":2,"minecraft:wooden_pickaxe":1,"minecraft:iron_helmet":2,"travelersbackpack:standard":1,"minecraft:iron_sword":1,"chococraft:chocopedia":1,"minecraft:bucket":1,"minecraft:air":0,"aether:iron_gloves":2,"travelersbackpack:wolf":1,"minecraft:white_wool":3,"minecraft:iron_chestplate":1,"minecraft:stick":28,"minecraft:leather_chestplate":1,"minecraft:iron_ingot":314,"minecraft:iron_pickaxe":4,"minecraft:wooden_axe":1,"minecraft:iron_block":26,"minecraft:stone_sword":1,"minecraft:iron_leggings":2,"minecraft:iron_shovel":2,"minecraft:gold_ingot":19,"aether:white_cape":1,"minecraft:torch":4,"minecraft:lapis_block":34},"minecraft:broken":{"minecraft:iron_shovel":1,"minecraft:iron_boots":1,"minecraft:wooden_pickaxe":1,"minecraft:stone_pickaxe":2,"minecraft:iron_pickaxe":3,"minecraft:iron_helmet":1,"minecraft:wooden_axe":1},"minecraft:killed":{"minecraft:spider":10,"minecraft:skeleton":10,"minecraft:chicken":5,"minecraft:pig":8,"minecraft:creeper":1,"minecraft:sheep":9,"minecraft:zombie":28,"alexsmobs:cockroach":1,"minecraft:cow":22},"minecraft:mined":{"minecraft:diamond_ore":1,"minecraft:tuff":2,"minecraft:granite":19,"minecraft:grass_block":240,"minecraft:spruce_leaves":19,"minecraft:sandstone":7,"travelersbackpack:wolf":1,"minecraft:spawner":1,"minecraft:large_fern":2,"minecraft:magma_block":2,"minecraft:redstone_ore":26,"minecraft:furnace":7,"minecraft:iron_ore":211,"minecraft:andesite":55,"minecraft:pumpkin":4,"minecraft:deepslate_lapis_ore":14,"chococraft:gysahl_green":94,"minecraft:bookshelf":6,"minecraft:deepslate_iron_ore":33,"minecraft:rail":95,"minecraft:packed_ice":1,"minecraft:stone":667,"minecraft:deepslate_redstone_ore":2,"minecraft:brown_mushroom":5,"minecraft:crafting_table":10,"minecraft:torch":13,"minecraft:dead_bush":1,"minecraft:copper_ore":18,"minecraft:tall_grass":2,"minecraft:glass":1,"minecraft:cobblestone":36,"minecraft:deepslate_coal_ore":4,"minecraft:lapis_ore":32,"minecraft:deepslate_gold_ore":8,"minecraft:sugar_cane":3,"minecraft:diorite":10,"minecraft:wall_torch":26,"minecraft:purple_bed":1,"minecraft:sweet_berry_bush":38,"minecraft:spruce_log":46,"minecraft:grass":34,"minecraft:coal_ore":120,"minecraft:gravel":3,"minecraft:sand":20,"minecraft:dirt":56,"minecraft:cobweb":7,"minecraft:raw_copper_block":1,"minecraft:gold_ore":15,"minecraft:deepslate":17,"minecraft:fern":6},"minecraft:picked_up":{"minecraft:crafting_table":10,"chococraft:loverly_gysahl_green":11,"minecraft:chicken":5,"minecraft:brown_mushroom":2,"minecraft:enchanted_book":1,"minecraft:string":15,"minecraft:raw_copper":131,"minecraft:cobbled_deepslate":17,"minecraft:beef":33,"minecraft:sugar_cane":10,"minecraft:furnace":7,"minecraft:raw_copper_block":1,"minecraft:stick":2,"minecraft:raw_iron":243,"minecraft:torch":40,"minecraft:porkchop":15,"minecraft:stone_button":9,"tombstone:grave_dust":3,"minecraft:diorite":10,"minecraft:redstone":109,"minecraft:arrow":9,"minecraft:rotten_flesh":27,"chiselsandbits:chisel_stone":1,"tombstone:essence_of_undeath":3,"aether:white_cape":1,"minecraft:mutton":12,"minecraft:rail":198,"minecraft:white_wool":12,"minecraft:cobblestone":710,"minecraft:magma_block":2,"minecraft:leather_chestplate":2,"minecraft:feather":8,"minecraft:glow_ink_sac":1,"minecraft:andesite":58,"minecraft:brown_wool":1,"minecraft:leather":12,"minecraft:tuff":5,"minecraft:gunpowder":6,"minecraft:lapis_lazuli":299,"minecraft:dirt":367,"minecraft:glass":3,"minecraft:bone":10,"travelersbackpack:backpack_tank":2,"chococraft:chocopedia":2,"chococraft:gysahl_green":253,"chiselsandbits:chiseled_block":16,"chococraft:gold_gysahl":3,"minecraft:wheat_seeds":39,"minecraft:raw_gold":22,"minecraft:iron_ingot":2,"minecraft:stone_pickaxe":1,"minecraft:powered_rail":5,"minecraft:book":18,"minecraft:pumpkin":4,"minecraft:sweet_berries":95,"minecraft:sand":16,"chococraft:gysahl_green_seeds":75,"minecraft:spruce_sapling":1,"minecraft:spruce_log":46,"minecraft:spruce_door":1,"minecraft:spider_eye":2,"travelersbackpack:wolf":1,"minecraft:iron_hoe":1,"minecraft:purple_bed":1,"minecraft:diamond":1,"minecraft:spruce_boat":2,"minecraft:iron_helmet":1,"minecraft:granite":13,"tombstone:magic_scroll":2,"minecraft:coal":151},"minecraft:dropped":{"minecraft:enchanted_book":1,"aether:white_cape":1,"chococraft:loverly_gysahl_green":3,"minecraft:wheat_seeds":1,"chococraft:gold_gysahl":1,"minecraft:feather":3,"minecraft:iron_helmet":1,"chococraft:gysahl_green_seeds":40,"chococraft:chocopedia":1,"tombstone:dust_of_vanishing":1,"tombstone:grave_key":2,"minecraft:mutton":1,"chiselsandbits:block_bit":12,"minecraft:chicken":1,"minecraft:iron_hoe":1,"chiselsandbits:chisel_stone":1,"minecraft:leather_chestplate":1,"minecraft:gunpowder":1,"aether:iron_gloves":1,"tombstone:essence_of_undeath":3,"minecraft:stone_pickaxe":1,"chococraft:gysahl_green":7},"minecraft:used":{"tombstone:scroll_of_unstable_intangibility":1,"minecraft:stone_sword":107,"minecraft:iron_shovel":295,"chiselsandbits:chiseled_block":6,"minecraft:chest":2,"minecraft:spruce_planks":8,"minecraft:iron_sword":225,"minecraft:cooked_chicken":3,"minecraft:torch":40,"minecraft:dirt":243,"minecraft:granite":11,"minecraft:spruce_boat":2,"minecraft:glass":1,"minecraft:wooden_axe":48,"minecraft:sweet_berries":63,"minecraft:furnace":9,"tombstone:gift":6,"minecraft:cooked_beef":24,"minecraft:cooked_mutton":6,"minecraft:water_bucket":13,"minecraft:diorite":6,"minecraft:stone_pickaxe":409,"minecraft:baked_potato":10,"minecraft:wooden_pickaxe":59,"minecraft:white_wool":1,"minecraft:crafting_table":13,"travelersbackpack:wolf":2,"chococraft:gysahl_green_seeds":35,"minecraft:iron_pickaxe":973,"tombstone:magic_scroll":4,"tombstone:grave_key":1,"minecraft:spruce_sapling":1,"minecraft:cobblestone":574,"minecraft:purple_bed":1,"minecraft:cooked_porkchop":2,"minecraft:andesite":28,"minecraft:bucket":14,"chococraft:gysahl_green":134}},"DataVersion":3465}