{"stats":{"minecraft:custom":{"minecraft:mob_kills":42,"minecraft:interact_with_crafting_table":69,"minecraft:leave_game":1,"minecraft:time_since_death":148773,"minecraft:sprint_one_cm":315862,"minecraft:walk_one_cm":430664,"minecraft:drop":32,"minecraft:play_time":172979,"minecraft:deaths":3,"minecraft:sneak_time":9172,"minecraft:walk_under_water_one_cm":14865,"minecraft:jump":2735,"minecraft:walk_on_water_one_cm":42548,"minecraft:total_world_time":172979,"minecraft:interact_with_furnace":54,"minecraft:sleep_in_bed":1,"minecraft:time_since_rest":60128,"minecraft:damage_taken":5061,"minecraft:damage_dealt":8633,"tombstone:cast_on_ally":0,"minecraft:swim_one_cm":10507,"minecraft:fly_one_cm":373698,"minecraft:open_chest":79,"minecraft:crouch_one_cm":18247,"tombstone:undead_killed":20,"minecraft:fall_one_cm":37136},"minecraft:crafted":{"aether:iron_ring":1,"minecraft:furnace":1,"minecraft:stone_button":9,"minecraft:stone":9,"minecraft:heavy_weighted_pressure_plate":1,"minecraft:iron_boots":1,"minecraft:stone_pickaxe":3,"minecraft:chest":2,"minecraft:redstone_block":8,"chiselsandbits:chisel_stone":1,"minecraft:cooked_beef":24,"minecraft:crafting_table":2,"minecraft:spruce_planks":52,"minecraft:wooden_pickaxe":1,"minecraft:iron_helmet":1,"minecraft:iron_sword":1,"chococraft:chocopedia":1,"minecraft:bucket":1,"minecraft:air":0,"aether:iron_gloves":2,"minecraft:white_wool":3,"minecraft:iron_chestplate":1,"minecraft:stick":28,"minecraft:iron_ingot":134,"minecraft:leather_chestplate":1,"minecraft:iron_pickaxe":4,"minecraft:wooden_axe":1,"minecraft:stone_sword":1,"minecraft:iron_leggings":2,"minecraft:iron_shovel":2,"minecraft:gold_ingot":19,"aether:white_cape":1,"minecraft:torch":4,"minecraft:lapis_block":20},"minecraft:broken":{"minecraft:iron_shovel":1,"minecraft:wooden_pickaxe":1,"minecraft:stone_pickaxe":2,"minecraft:iron_pickaxe":3,"minecraft:iron_helmet":1,"minecraft:wooden_axe":1},"minecraft:killed":{"minecraft:spider":8,"minecraft:skeleton":4,"alexsmobs:cockroach":1,"minecraft:zombie":16,"minecraft:cow":11},"minecraft:mined":{"minecraft:diamond_ore":1,"minecraft:tuff":2,"minecraft:granite":19,"minecraft:grass_block":234,"minecraft:spruce_leaves":15,"minecraft:sandstone":7,"minecraft:spawner":1,"minecraft:redstone_ore":19,"minecraft:furnace":4,"minecraft:iron_ore":149,"minecraft:andesite":23,"minecraft:pumpkin":4,"minecraft:deepslate_lapis_ore":14,"chococraft:gysahl_green":72,"minecraft:bookshelf":6,"minecraft:deepslate_iron_ore":33,"minecraft:rail":95,"minecraft:stone":632,"minecraft:deepslate_redstone_ore":2,"minecraft:brown_mushroom":5,"minecraft:crafting_table":7,"minecraft:torch":8,"minecraft:tall_grass":2,"minecraft:copper_ore":18,"minecraft:cobblestone":29,"minecraft:deepslate_coal_ore":4,"minecraft:lapis_ore":22,"minecraft:deepslate_gold_ore":8,"minecraft:sugar_cane":3,"minecraft:diorite":10,"minecraft:wall_torch":20,"minecraft:purple_bed":1,"minecraft:sweet_berry_bush":21,"minecraft:spruce_log":46,"minecraft:grass":28,"minecraft:coal_ore":78,"minecraft:gravel":3,"minecraft:sand":4,"minecraft:dirt":53,"minecraft:cobweb":7,"minecraft:raw_copper_block":1,"minecraft:gold_ore":14,"minecraft:deepslate":17,"minecraft:fern":4},"minecraft:picked_up":{"chococraft:loverly_gysahl_green":6,"minecraft:crafting_table":7,"minecraft:brown_mushroom":2,"minecraft:enchanted_book":1,"minecraft:string":13,"minecraft:raw_copper":67,"minecraft:cobbled_deepslate":17,"minecraft:beef":24,"minecraft:sugar_cane":5,"minecraft:furnace":4,"minecraft:raw_copper_block":1,"minecraft:raw_iron":181,"minecraft:torch":30,"tombstone:grave_dust":3,"minecraft:diorite":9,"minecraft:redstone":77,"minecraft:arrow":2,"minecraft:rotten_flesh":21,"chiselsandbits:chisel_stone":1,"tombstone:essence_of_undeath":3,"aether:white_cape":1,"minecraft:cobblestone":662,"minecraft:rail":95,"minecraft:white_wool":4,"minecraft:leather_chestplate":1,"minecraft:glow_ink_sac":1,"minecraft:andesite":18,"minecraft:leather":8,"minecraft:tuff":3,"minecraft:gunpowder":4,"minecraft:lapis_lazuli":234,"minecraft:dirt":282,"minecraft:bone":3,"chococraft:chocopedia":1,"chococraft:gysahl_green":188,"chiselsandbits:chiseled_block":16,"chococraft:gold_gysahl":3,"minecraft:wheat_seeds":24,"minecraft:raw_gold":21,"minecraft:stone_pickaxe":1,"minecraft:iron_ingot":2,"minecraft:book":18,"minecraft:pumpkin":4,"minecraft:sweet_berries":54,"minecraft:spruce_sapling":1,"chococraft:gysahl_green_seeds":53,"minecraft:spruce_log":46,"minecraft:spider_eye":2,"minecraft:iron_hoe":1,"minecraft:purple_bed":1,"minecraft:diamond":1,"minecraft:granite":13,"minecraft:coal":109},"minecraft:dropped":{"minecraft:enchanted_book":1,"aether:white_cape":1,"chococraft:loverly_gysahl_green":2,"minecraft:wheat_seeds":1,"chococraft:gold_gysahl":1,"chococraft:gysahl_green_seeds":40,"chococraft:chocopedia":1,"tombstone:dust_of_vanishing":1,"tombstone:grave_key":2,"chiselsandbits:block_bit":12,"minecraft:iron_hoe":1,"chiselsandbits:chisel_stone":1,"minecraft:leather_chestplate":1,"minecraft:gunpowder":1,"aether:iron_gloves":1,"tombstone:essence_of_undeath":3,"minecraft:stone_pickaxe":1,"chococraft:gysahl_green":7},"minecraft:used":{"tombstone:scroll_of_unstable_intangibility":1,"minecraft:stone_sword":107,"minecraft:iron_shovel":275,"chiselsandbits:chiseled_block":6,"minecraft:chest":2,"minecraft:spruce_planks":8,"minecraft:iron_sword":55,"minecraft:torch":29,"minecraft:dirt":201,"minecraft:granite":11,"minecraft:wooden_axe":48,"minecraft:sweet_berries":63,"minecraft:furnace":4,"tombstone:gift":4,"minecraft:cooked_beef":24,"minecraft:water_bucket":11,"minecraft:diorite":6,"minecraft:stone_pickaxe":409,"minecraft:wooden_pickaxe":59,"minecraft:white_wool":1,"minecraft:crafting_table":8,"chococraft:gysahl_green_seeds":7,"minecraft:iron_pickaxe":769,"tombstone:grave_key":1,"minecraft:spruce_sapling":1,"minecraft:cobblestone":509,"minecraft:purple_bed":1,"minecraft:andesite":4,"minecraft:bucket":12,"chococraft:gysahl_green":93}},"DataVersion":3465}