{"stats":{"minecraft:custom":{"minecraft:interact_with_furnace":54,"minecraft:mob_kills":50,"minecraft:interact_with_crafting_table":23,"minecraft:leave_game":3,"minecraft:time_since_death":9316,"minecraft:climb_one_cm":254,"minecraft:time_since_rest":9064,"minecraft:sprint_one_cm":464965,"minecraft:damage_taken":8344,"minecraft:walk_one_cm":275249,"minecraft:damage_blocked_by_shield":1515,"tombstone:sneak_grave":2,"minecraft:drop":15,"minecraft:damage_dealt":6785,"minecraft:swim_one_cm":37081,"minecraft:fly_one_cm":454295,"minecraft:crouch_one_cm":19826,"minecraft:play_time":143342,"tombstone:undead_killed":15,"minecraft:deaths":19,"minecraft:sneak_time":5587,"minecraft:walk_under_water_one_cm":13738,"minecraft:jump":3069,"minecraft:walk_on_water_one_cm":23003,"minecraft:total_world_time":143342,"minecraft:fall_one_cm":92838},"minecraft:crafted":{"minecraft:cooked_beef":15,"minecraft:wooden_sword":1,"minecraft:oak_planks":164,"minecraft:leather_leggings":1,"minecraft:cooked_porkchop":16,"chococraft:chocobo_drumstick_cooked":1,"minecraft:crafting_table":1,"minecraft:spruce_planks":148,"minecraft:wooden_pickaxe":1,"minecraft:cooked_chicken":4,"minecraft:iron_sword":1,"minecraft:furnace":1,"minecraft:bucket":1,"minecraft:birch_planks":16,"minecraft:stone_axe":1,"minecraft:cooked_mutton":4,"minecraft:air":0,"minecraft:iron_chestplate":1,"minecraft:charcoal":7,"minecraft:shield":1,"minecraft:stick":88,"minecraft:iron_ingot":17,"minecraft:stone_pickaxe":3,"minecraft:iron_pickaxe":1,"minecraft:wooden_axe":1,"minecraft:stone_sword":1,"minecraft:torch":152},"minecraft:broken":{"minecraft:stone_pickaxe":1},"minecraft:killed":{"minecraft:pig":8,"minecraft:spider":2,"minecraft:sheep":3,"minecraft:skeleton":4,"minecraft:zombie":11,"minecraft:chicken":6,"chococraft:chocobo":1,"minecraft:cow":10},"minecraft:mined":{"minecraft:podzol":4,"minecraft:diamond_ore":3,"minecraft:deepslate_redstone_ore":24,"minecraft:tuff":5,"minecraft:spruce_planks":4,"minecraft:flowering_azalea":1,"minecraft:mossy_cobblestone":1,"minecraft:deepslate_diamond_ore":6,"minecraft:powder_snow":3,"minecraft:crafting_table":9,"minecraft:torch":1,"minecraft:granite":1,"minecraft:grass_block":12,"minecraft:cobblestone":3,"minecraft:spruce_leaves":4,"minecraft:deepslate_gold_ore":10,"minecraft:oak_planks":7,"minecraft:sugar_cane":4,"minecraft:wall_torch":14,"minecraft:large_fern":3,"minecraft:furnace":9,"minecraft:birch_log":4,"minecraft:iron_ore":23,"minecraft:sweet_berry_bush":1,"minecraft:spruce_log":45,"minecraft:birch_leaves":1,"minecraft:deepslate_lapis_ore":6,"minecraft:grass":4,"chococraft:gysahl_green":2,"minecraft:oak_log":43,"minecraft:coal_ore":100,"minecraft:deepslate_iron_ore":45,"minecraft:gravel":4,"minecraft:dirt":12,"minecraft:stone":87,"minecraft:oak_leaves":6,"minecraft:deepslate":26,"minecraft:fern":2},"minecraft:picked_up":{"minecraft:crafting_table":9,"chococraft:loverly_gysahl_green":1,"minecraft:feather":5,"minecraft:chicken":4,"minecraft:leather":10,"minecraft:tuff":4,"minecraft:oak_log":41,"tombstone:grave_key":3,"minecraft:string":2,"minecraft:lapis_lazuli":45,"minecraft:dirt":28,"chococraft:chocobo_feather":1,"minecraft:bone":6,"chococraft:gysahl_green":4,"minecraft:wheat_seeds":1,"minecraft:cobbled_deepslate":35,"minecraft:raw_gold":10,"minecraft:spruce_planks":4,"minecraft:iron_ingot":2,"minecraft:beef":15,"minecraft:iron_pickaxe":1,"minecraft:sugar_cane":5,"minecraft:oak_planks":7,"minecraft:flowering_azalea":1,"minecraft:furnace":9,"minecraft:raw_iron":68,"minecraft:sweet_berries":2,"minecraft:torch":16,"minecraft:gravel":4,"minecraft:porkchop":16,"chococraft:gysahl_green_seeds":1,"minecraft:spruce_sapling":1,"tombstone:grave_dust":2,"minecraft:spruce_log":45,"minecraft:redstone":110,"alexsmobs:animal_dictionary":1,"minecraft:mossy_cobblestone":1,"minecraft:arrow":6,"minecraft:rotten_flesh":8,"minecraft:diamond":9,"minecraft:stone_axe":1,"minecraft:granite":1,"chococraft:chocobo_drumstick_raw":1,"minecraft:mutton":4,"minecraft:coal":156,"minecraft:white_wool":3,"minecraft:cobblestone":90,"minecraft:birch_log":4},"minecraft:dropped":{"minecraft:stone_axe":1,"alexsmobs:animal_dictionary":1,"minecraft:mossy_cobblestone":1,"tombstone:gift":1,"minecraft:cobblestone":1,"chococraft:gysahl_green_seeds":1,"minecraft:dirt":19,"tombstone:grave_key":5,"minecraft:wooden_pickaxe":1,"minecraft:iron_pickaxe":1,"minecraft:spruce_sapling":1},"minecraft:used":{"minecraft:cooked_mutton":2,"minecraft:water_bucket":7,"minecraft:stone_sword":80,"minecraft:stone_pickaxe":159,"minecraft:oak_planks":81,"minecraft:wooden_pickaxe":27,"minecraft:spruce_planks":108,"minecraft:shield":25,"minecraft:iron_sword":76,"minecraft:cooked_chicken":4,"minecraft:torch":111,"minecraft:dirt":7,"chococraft:chocobo_drumstick_cooked":1,"minecraft:crafting_table":9,"minecraft:wooden_axe":2,"minecraft:iron_pickaxe":186,"tombstone:grave_key":12,"minecraft:stone_axe":108,"minecraft:cobblestone":65,"minecraft:furnace":9,"minecraft:cooked_porkchop":16,"minecraft:bucket":7,"alexsmobs:animal_dictionary":1,"minecraft:cooked_beef":11,"minecraft:cobbled_deepslate":24}},"DataVersion":3465}