{"stats":{"minecraft:custom":{"minecraft:mob_kills":91,"minecraft:interact_with_crafting_table":33,"minecraft:leave_game":3,"minecraft:time_since_death":1015,"minecraft:climb_one_cm":5952,"minecraft:sprint_one_cm":632061,"minecraft:walk_one_cm":414523,"minecraft:damage_blocked_by_shield":2445,"minecraft:drop":18,"minecraft:play_time":191342,"minecraft:deaths":24,"minecraft:sneak_time":6286,"minecraft:walk_under_water_one_cm":24356,"minecraft:jump":4147,"minecraft:walk_on_water_one_cm":47039,"minecraft:total_world_time":191342,"minecraft:interact_with_furnace":84,"tombstone:raider_killed":1,"minecraft:time_since_rest":752,"minecraft:damage_taken":10319,"tombstone:sneak_grave":2,"minecraft:damage_dealt":11017,"minecraft:swim_one_cm":76712,"minecraft:fly_one_cm":605583,"minecraft:crouch_one_cm":22124,"tombstone:undead_killed":18,"minecraft:fall_one_cm":115740},"minecraft:crafted":{"minecraft:wooden_sword":1,"minecraft:oak_planks":292,"chococraft:chocobo_drumstick_cooked":1,"minecraft:leather_leggings":1,"minecraft:cooked_chicken":7,"minecraft:furnace":1,"minecraft:cooked_mutton":7,"minecraft:iron_boots":1,"minecraft:iron_axe":1,"minecraft:stone_pickaxe":3,"minecraft:redstone_block":12,"minecraft:cooked_beef":27,"minecraft:cooked_porkchop":18,"minecraft:crafting_table":1,"minecraft:spruce_planks":148,"minecraft:wooden_pickaxe":1,"minecraft:iron_helmet":1,"minecraft:iron_sword":1,"minecraft:bucket":1,"minecraft:birch_planks":16,"minecraft:stone_axe":1,"minecraft:air":0,"minecraft:iron_chestplate":1,"minecraft:charcoal":7,"minecraft:shield":1,"minecraft:stick":92,"minecraft:iron_ingot":48,"minecraft:iron_pickaxe":2,"minecraft:wooden_axe":1,"minecraft:stone_sword":1,"minecraft:iron_leggings":1,"minecraft:white_bed":1,"minecraft:torch":152},"minecraft:broken":{"minecraft:stone_pickaxe":1,"minecraft:stone_axe":1,"minecraft:iron_pickaxe":1},"minecraft:killed":{"minecraft:witch":1,"minecraft:spider":3,"minecraft:slime":13,"minecraft:skeleton":5,"minecraft:chicken":9,"minecraft:pig":16,"minecraft:creeper":2,"minecraft:sheep":5,"minecraft:zombie":13,"minecraft:enderman":1,"minecraft:cow":17,"chococraft:chocobo":1},"minecraft:mined":{"minecraft:diamond_ore":3,"minecraft:tuff":5,"minecraft:spruce_planks":4,"minecraft:mossy_cobblestone":1,"minecraft:deepslate_diamond_ore":13,"minecraft:granite":3,"minecraft:grass_block":14,"minecraft:spruce_leaves":4,"minecraft:large_fern":3,"minecraft:furnace":12,"minecraft:iron_ore":23,"minecraft:deepslate_lapis_ore":10,"chococraft:gysahl_green":2,"minecraft:deepslate_iron_ore":45,"minecraft:stone":101,"minecraft:podzol":4,"minecraft:deepslate_redstone_ore":24,"minecraft:flowering_azalea":1,"minecraft:powder_snow":3,"minecraft:crafting_table":12,"minecraft:torch":1,"minecraft:dead_bush":1,"minecraft:cobblestone":3,"minecraft:copper_ore":2,"minecraft:deepslate_gold_ore":25,"minecraft:sugar_cane":4,"minecraft:oak_planks":8,"minecraft:wall_torch":14,"minecraft:birch_log":4,"minecraft:sweet_berry_bush":1,"minecraft:spruce_log":45,"minecraft:birch_leaves":1,"minecraft:mangrove_leaves":3,"minecraft:grass":8,"minecraft:coal_ore":100,"minecraft:oak_log":75,"minecraft:gravel":5,"minecraft:dirt":16,"minecraft:fern":2,"minecraft:oak_leaves":13,"minecraft:deepslate":41},"minecraft:picked_up":{"chococraft:loverly_gysahl_green":1,"minecraft:crafting_table":12,"minecraft:chicken":7,"tombstone:grave_key":3,"minecraft:string":3,"minecraft:raw_copper":8,"minecraft:cobbled_deepslate":47,"minecraft:spruce_planks":4,"minecraft:beef":27,"minecraft:iron_pickaxe":1,"minecraft:sugar_cane":5,"minecraft:furnace":12,"minecraft:stick":5,"minecraft:raw_iron":68,"minecraft:torch":16,"minecraft:porkchop":19,"tombstone:grave_dust":3,"minecraft:redstone":111,"minecraft:arrow":6,"minecraft:rotten_flesh":10,"chococraft:chocobo_drumstick_raw":1,"minecraft:mutton":7,"minecraft:white_wool":5,"minecraft:cobblestone":104,"minecraft:birch_log":4,"minecraft:feather":9,"minecraft:leather":15,"minecraft:tuff":8,"minecraft:oak_log":73,"minecraft:gunpowder":2,"minecraft:lapis_lazuli":63,"minecraft:dirt":34,"chococraft:chocobo_feather":1,"minecraft:bone":6,"chococraft:gysahl_green":4,"minecraft:wheat_seeds":1,"minecraft:raw_gold":24,"minecraft:iron_ingot":2,"minecraft:flowering_azalea":1,"minecraft:oak_planks":8,"minecraft:sweet_berries":2,"minecraft:gravel":4,"minecraft:spruce_sapling":1,"chococraft:gysahl_green_seeds":1,"minecraft:grass_block":1,"minecraft:spruce_log":45,"alexsmobs:animal_dictionary":1,"minecraft:mossy_cobblestone":1,"minecraft:slime_ball":15,"minecraft:diamond":16,"minecraft:stone_axe":1,"minecraft:granite":3,"minecraft:mangrove_propagule":1,"minecraft:coal":207},"minecraft:dropped":{"minecraft:water_bucket":1,"minecraft:mossy_cobblestone":1,"minecraft:mangrove_propagule":1,"minecraft:cobblestone":1,"chococraft:gysahl_green_seeds":1,"minecraft:dirt":19,"tombstone:grave_key":6,"minecraft:iron_pickaxe":1,"minecraft:spruce_sapling":1,"minecraft:stone_axe":1,"alexsmobs:animal_dictionary":1,"tombstone:gift":1,"minecraft:wooden_pickaxe":1},"minecraft:used":{"minecraft:stone_sword":80,"minecraft:redstone":1,"minecraft:spruce_planks":108,"minecraft:shield":39,"minecraft:iron_sword":170,"minecraft:cooked_chicken":7,"minecraft:rotten_flesh":4,"minecraft:torch":125,"minecraft:dirt":13,"chococraft:chocobo_drumstick_cooked":1,"minecraft:tuff":6,"minecraft:wooden_axe":2,"minecraft:iron_axe":19,"minecraft:furnace":12,"tombstone:gift":2,"minecraft:cooked_beef":16,"minecraft:cobbled_deepslate":48,"minecraft:cooked_mutton":2,"minecraft:water_bucket":7,"minecraft:stone_pickaxe":159,"minecraft:oak_planks":160,"minecraft:wooden_pickaxe":27,"minecraft:crafting_table":12,"minecraft:iron_pickaxe":254,"tombstone:grave_key":12,"minecraft:stone_axe":131,"minecraft:cobblestone":79,"minecraft:cooked_porkchop":17,"minecraft:bucket":8,"chococraft:gysahl_green":4,"alexsmobs:animal_dictionary":11}},"DataVersion":3465}