{"stats":{"minecraft:crafted":{"minecraft:cooked_beef":8,"minecraft:wooden_sword":1,"minecraft:oak_planks":44,"minecraft:cooked_porkchop":16,"chococraft:chocobo_drumstick_cooked":1,"minecraft:crafting_table":1,"minecraft:spruce_planks":148,"minecraft:wooden_pickaxe":1,"minecraft:cooked_chicken":4,"minecraft:iron_sword":1,"minecraft:furnace":1,"minecraft:bucket":1,"minecraft:stone_axe":1,"minecraft:cooked_mutton":4,"minecraft:air":0,"minecraft:iron_chestplate":1,"minecraft:charcoal":7,"minecraft:shield":1,"minecraft:stick":40,"minecraft:iron_ingot":17,"minecraft:iron_pickaxe":1,"minecraft:stone_pickaxe":3,"minecraft:wooden_axe":1,"minecraft:stone_sword":1,"minecraft:torch":88},"minecraft:killed":{"minecraft:pig":8,"minecraft:sheep":3,"minecraft:skeleton":3,"minecraft:zombie":6,"minecraft:chicken":4,"chococraft:chocobo":1,"minecraft:cow":6},"minecraft:picked_up":{"chococraft:loverly_gysahl_green":1,"minecraft:crafting_table":8,"minecraft:feather":3,"minecraft:chicken":4,"minecraft:leather":6,"minecraft:oak_log":11,"tombstone:grave_key":3,"minecraft:lapis_lazuli":45,"minecraft:dirt":28,"chococraft:chocobo_feather":1,"minecraft:bone":6,"chococraft:gysahl_green":4,"minecraft:wheat_seeds":1,"minecraft:cobbled_deepslate":23,"minecraft:raw_gold":9,"minecraft:spruce_planks":4,"minecraft:beef":8,"minecraft:iron_ingot":2,"minecraft:iron_pickaxe":1,"minecraft:sugar_cane":5,"minecraft:flowering_azalea":1,"minecraft:furnace":7,"minecraft:raw_iron":57,"minecraft:sweet_berries":2,"minecraft:torch":16,"minecraft:gravel":4,"minecraft:porkchop":16,"chococraft:gysahl_green_seeds":1,"minecraft:spruce_sapling":1,"minecraft:spruce_log":45,"minecraft:redstone":90,"minecraft:mossy_cobblestone":1,"minecraft:arrow":6,"minecraft:rotten_flesh":4,"minecraft:diamond":4,"chococraft:chocobo_drumstick_raw":1,"minecraft:mutton":4,"minecraft:coal":116,"minecraft:white_wool":3,"minecraft:cobblestone":88},"minecraft:broken":{"minecraft:stone_pickaxe":1},"minecraft:used":{"minecraft:cooked_mutton":2,"minecraft:water_bucket":7,"minecraft:stone_sword":80,"minecraft:stone_pickaxe":159,"minecraft:oak_planks":30,"minecraft:shield":18,"minecraft:spruce_planks":108,"minecraft:wooden_pickaxe":27,"minecraft:iron_sword":33,"minecraft:cooked_chicken":4,"minecraft:torch":103,"chococraft:chocobo_drumstick_cooked":1,"minecraft:crafting_table":8,"minecraft:wooden_axe":2,"minecraft:iron_pickaxe":104,"tombstone:grave_key":11,"minecraft:stone_axe":64,"minecraft:cobblestone":65,"minecraft:furnace":7,"minecraft:cooked_porkchop":11,"minecraft:bucket":7,"minecraft:cooked_beef":8,"minecraft:cobbled_deepslate":24},"minecraft:mined":{"minecraft:podzol":4,"minecraft:deepslate_redstone_ore":20,"minecraft:tuff":1,"minecraft:spruce_planks":4,"minecraft:flowering_azalea":1,"minecraft:mossy_cobblestone":1,"minecraft:deepslate_diamond_ore":4,"minecraft:powder_snow":3,"minecraft:crafting_table":8,"minecraft:torch":1,"minecraft:grass_block":12,"minecraft:cobblestone":3,"minecraft:spruce_leaves":4,"minecraft:deepslate_gold_ore":9,"minecraft:sugar_cane":4,"minecraft:wall_torch":14,"minecraft:large_fern":3,"minecraft:furnace":7,"minecraft:iron_ore":23,"minecraft:sweet_berry_bush":1,"minecraft:spruce_log":45,"minecraft:deepslate_lapis_ore":6,"minecraft:grass":3,"chococraft:gysahl_green":2,"minecraft:oak_log":12,"minecraft:coal_ore":60,"minecraft:deepslate_iron_ore":34,"minecraft:gravel":4,"minecraft:dirt":12,"minecraft:stone":85,"minecraft:deepslate":14,"minecraft:oak_leaves":6,"minecraft:fern":2},"minecraft:custom":{"minecraft:interact_with_furnace":50,"minecraft:mob_kills":36,"minecraft:interact_with_crafting_table":21,"minecraft:leave_game":3,"minecraft:time_since_death":5183,"minecraft:climb_one_cm":254,"minecraft:time_since_rest":4945,"minecraft:sprint_one_cm":374078,"minecraft:damage_taken":7379,"minecraft:walk_one_cm":221954,"minecraft:damage_blocked_by_shield":1185,"tombstone:sneak_grave":2,"minecraft:drop":13,"minecraft:damage_dealt":4714,"minecraft:swim_one_cm":36639,"minecraft:fly_one_cm":362494,"minecraft:crouch_one_cm":15833,"minecraft:play_time":115701,"tombstone:undead_killed":9,"minecraft:deaths":18,"minecraft:sneak_time":4610,"minecraft:walk_under_water_one_cm":13358,"minecraft:jump":2600,"minecraft:walk_on_water_one_cm":21950,"minecraft:total_world_time":115701,"minecraft:fall_one_cm":70525},"minecraft:dropped":{"minecraft:mossy_cobblestone":1,"tombstone:gift":1,"minecraft:cobblestone":1,"chococraft:gysahl_green_seeds":1,"minecraft:dirt":19,"tombstone:grave_key":5,"minecraft:wooden_pickaxe":1,"minecraft:iron_pickaxe":1,"minecraft:spruce_sapling":1}},"DataVersion":3465}