{"stats":{"minecraft:custom":{"minecraft:interact_with_furnace":50,"minecraft:mob_kills":44,"minecraft:interact_with_crafting_table":21,"minecraft:leave_game":3,"minecraft:time_since_death":20824,"minecraft:climb_one_cm":254,"minecraft:time_since_rest":20586,"minecraft:sprint_one_cm":422213,"minecraft:damage_taken":7765,"minecraft:walk_one_cm":246554,"minecraft:damage_blocked_by_shield":1455,"tombstone:sneak_grave":2,"minecraft:drop":14,"minecraft:damage_dealt":5714,"minecraft:swim_one_cm":36639,"minecraft:fly_one_cm":402269,"minecraft:crouch_one_cm":16968,"minecraft:play_time":131342,"tombstone:undead_killed":11,"minecraft:deaths":18,"minecraft:sneak_time":4785,"minecraft:walk_under_water_one_cm":13358,"minecraft:jump":2831,"minecraft:walk_on_water_one_cm":21950,"minecraft:total_world_time":131342,"minecraft:fall_one_cm":76580},"minecraft:crafted":{"minecraft:cooked_beef":8,"minecraft:wooden_sword":1,"minecraft:oak_planks":164,"minecraft:cooked_porkchop":16,"chococraft:chocobo_drumstick_cooked":1,"minecraft:crafting_table":1,"minecraft:spruce_planks":148,"minecraft:wooden_pickaxe":1,"minecraft:cooked_chicken":4,"minecraft:iron_sword":1,"minecraft:furnace":1,"minecraft:bucket":1,"minecraft:stone_axe":1,"minecraft:cooked_mutton":4,"minecraft:air":0,"minecraft:iron_chestplate":1,"minecraft:charcoal":7,"minecraft:shield":1,"minecraft:stick":56,"minecraft:iron_ingot":17,"minecraft:stone_pickaxe":3,"minecraft:iron_pickaxe":1,"minecraft:wooden_axe":1,"minecraft:stone_sword":1,"minecraft:torch":152},"minecraft:broken":{"minecraft:stone_pickaxe":1},"minecraft:killed":{"minecraft:pig":8,"minecraft:sheep":3,"minecraft:skeleton":4,"minecraft:zombie":7,"minecraft:chicken":6,"chococraft:chocobo":1,"minecraft:cow":10},"minecraft:mined":{"minecraft:podzol":4,"minecraft:deepslate_redstone_ore":20,"minecraft:tuff":1,"minecraft:spruce_planks":4,"minecraft:flowering_azalea":1,"minecraft:mossy_cobblestone":1,"minecraft:deepslate_diamond_ore":4,"minecraft:powder_snow":3,"minecraft:crafting_table":8,"minecraft:torch":1,"minecraft:grass_block":12,"minecraft:cobblestone":3,"minecraft:spruce_leaves":4,"minecraft:deepslate_gold_ore":9,"minecraft:oak_planks":2,"minecraft:sugar_cane":4,"minecraft:wall_torch":14,"minecraft:large_fern":3,"minecraft:furnace":7,"minecraft:birch_log":4,"minecraft:iron_ore":23,"minecraft:sweet_berry_bush":1,"minecraft:spruce_log":45,"minecraft:birch_leaves":1,"minecraft:deepslate_lapis_ore":6,"minecraft:grass":4,"chococraft:gysahl_green":2,"minecraft:oak_log":43,"minecraft:coal_ore":77,"minecraft:deepslate_iron_ore":34,"minecraft:gravel":4,"minecraft:dirt":12,"minecraft:stone":85,"minecraft:oak_leaves":6,"minecraft:deepslate":14,"minecraft:fern":2},"minecraft:picked_up":{"minecraft:crafting_table":8,"chococraft:loverly_gysahl_green":1,"minecraft:feather":5,"minecraft:chicken":4,"minecraft:leather":10,"minecraft:oak_log":41,"tombstone:grave_key":3,"minecraft:lapis_lazuli":45,"minecraft:dirt":28,"chococraft:chocobo_feather":1,"minecraft:bone":6,"chococraft:gysahl_green":4,"minecraft:wheat_seeds":1,"minecraft:cobbled_deepslate":23,"minecraft:raw_gold":9,"minecraft:spruce_planks":4,"minecraft:iron_ingot":2,"minecraft:beef":15,"minecraft:iron_pickaxe":1,"minecraft:sugar_cane":5,"minecraft:oak_planks":2,"minecraft:flowering_azalea":1,"minecraft:furnace":7,"minecraft:raw_iron":57,"minecraft:sweet_berries":2,"minecraft:torch":16,"minecraft:gravel":4,"minecraft:porkchop":16,"chococraft:gysahl_green_seeds":1,"minecraft:spruce_sapling":1,"minecraft:spruce_log":45,"minecraft:redstone":90,"minecraft:mossy_cobblestone":1,"minecraft:arrow":6,"minecraft:rotten_flesh":6,"minecraft:diamond":4,"minecraft:stone_axe":1,"chococraft:chocobo_drumstick_raw":1,"minecraft:mutton":4,"minecraft:coal":133,"minecraft:white_wool":3,"minecraft:cobblestone":88,"minecraft:birch_log":4},"minecraft:dropped":{"minecraft:stone_axe":1,"minecraft:mossy_cobblestone":1,"tombstone:gift":1,"minecraft:cobblestone":1,"chococraft:gysahl_green_seeds":1,"minecraft:dirt":19,"tombstone:grave_key":5,"minecraft:wooden_pickaxe":1,"minecraft:iron_pickaxe":1,"minecraft:spruce_sapling":1},"minecraft:used":{"minecraft:cooked_mutton":2,"minecraft:water_bucket":7,"minecraft:stone_sword":80,"minecraft:stone_pickaxe":159,"minecraft:oak_planks":38,"minecraft:wooden_pickaxe":27,"minecraft:spruce_planks":108,"minecraft:shield":23,"minecraft:iron_sword":56,"minecraft:cooked_chicken":4,"minecraft:torch":103,"minecraft:dirt":7,"chococraft:chocobo_drumstick_cooked":1,"minecraft:crafting_table":8,"minecraft:wooden_axe":2,"minecraft:iron_pickaxe":121,"tombstone:grave_key":11,"minecraft:stone_axe":102,"minecraft:cobblestone":65,"minecraft:furnace":7,"minecraft:cooked_porkchop":16,"minecraft:bucket":7,"minecraft:cooked_beef":8,"minecraft:cobbled_deepslate":24}},"DataVersion":3465}