{"stats":{"minecraft:custom":{"minecraft:mob_kills":56,"minecraft:interact_with_crafting_table":31,"minecraft:leave_game":3,"minecraft:time_since_death":1911,"minecraft:climb_one_cm":254,"minecraft:sprint_one_cm":525862,"minecraft:walk_one_cm":358268,"minecraft:damage_blocked_by_shield":2055,"minecraft:drop":16,"minecraft:play_time":167342,"minecraft:deaths":21,"minecraft:sneak_time":6169,"minecraft:walk_under_water_one_cm":15450,"minecraft:jump":3601,"minecraft:walk_on_water_one_cm":25943,"minecraft:total_world_time":167342,"minecraft:interact_with_furnace":73,"minecraft:time_since_rest":1652,"minecraft:damage_taken":9412,"tombstone:sneak_grave":2,"minecraft:damage_dealt":8188,"minecraft:swim_one_cm":45845,"minecraft:fly_one_cm":501554,"minecraft:crouch_one_cm":21949,"tombstone:undead_killed":18,"minecraft:fall_one_cm":103095},"minecraft:crafted":{"minecraft:wooden_sword":1,"minecraft:oak_planks":164,"chococraft:chocobo_drumstick_cooked":1,"minecraft:leather_leggings":1,"minecraft:cooked_chicken":4,"minecraft:furnace":1,"minecraft:cooked_mutton":4,"minecraft:iron_boots":1,"minecraft:stone_pickaxe":3,"minecraft:cooked_beef":15,"minecraft:cooked_porkchop":16,"minecraft:crafting_table":1,"minecraft:spruce_planks":148,"minecraft:wooden_pickaxe":1,"minecraft:iron_helmet":1,"minecraft:iron_sword":1,"minecraft:bucket":1,"minecraft:birch_planks":16,"minecraft:stone_axe":1,"minecraft:air":0,"minecraft:iron_chestplate":1,"minecraft:charcoal":7,"minecraft:shield":1,"minecraft:stick":88,"minecraft:iron_ingot":48,"minecraft:iron_pickaxe":2,"minecraft:wooden_axe":1,"minecraft:stone_sword":1,"minecraft:iron_leggings":1,"minecraft:white_bed":1,"minecraft:torch":152},"minecraft:broken":{"minecraft:stone_pickaxe":1,"minecraft:iron_pickaxe":1},"minecraft:killed":{"minecraft:spider":2,"minecraft:skeleton":5,"minecraft:chicken":6,"minecraft:pig":8,"minecraft:creeper":1,"minecraft:sheep":5,"minecraft:zombie":13,"minecraft:cow":10,"chococraft:chocobo":1},"minecraft:mined":{"minecraft:diamond_ore":3,"minecraft:tuff":5,"minecraft:spruce_planks":4,"minecraft:mossy_cobblestone":1,"minecraft:deepslate_diamond_ore":13,"minecraft:granite":3,"minecraft:grass_block":14,"minecraft:spruce_leaves":4,"minecraft:large_fern":3,"minecraft:furnace":10,"minecraft:iron_ore":23,"minecraft:deepslate_lapis_ore":10,"chococraft:gysahl_green":2,"minecraft:deepslate_iron_ore":45,"minecraft:stone":101,"minecraft:podzol":4,"minecraft:deepslate_redstone_ore":24,"minecraft:flowering_azalea":1,"minecraft:powder_snow":3,"minecraft:crafting_table":10,"minecraft:torch":1,"minecraft:cobblestone":3,"minecraft:copper_ore":2,"minecraft:deepslate_gold_ore":25,"minecraft:sugar_cane":4,"minecraft:oak_planks":8,"minecraft:wall_torch":14,"minecraft:birch_log":4,"minecraft:sweet_berry_bush":1,"minecraft:spruce_log":45,"minecraft:birch_leaves":1,"minecraft:grass":4,"minecraft:coal_ore":100,"minecraft:oak_log":43,"minecraft:gravel":5,"minecraft:dirt":16,"minecraft:fern":2,"minecraft:oak_leaves":6,"minecraft:deepslate":41},"minecraft:picked_up":{"chococraft:loverly_gysahl_green":1,"minecraft:crafting_table":10,"minecraft:chicken":4,"tombstone:grave_key":3,"minecraft:string":2,"minecraft:raw_copper":8,"minecraft:cobbled_deepslate":47,"minecraft:spruce_planks":4,"minecraft:beef":15,"minecraft:iron_pickaxe":1,"minecraft:sugar_cane":5,"minecraft:furnace":10,"minecraft:raw_iron":68,"minecraft:torch":16,"minecraft:porkchop":16,"tombstone:grave_dust":2,"minecraft:redstone":110,"minecraft:arrow":6,"minecraft:rotten_flesh":10,"chococraft:chocobo_drumstick_raw":1,"minecraft:mutton":7,"minecraft:white_wool":5,"minecraft:cobblestone":104,"minecraft:birch_log":4,"minecraft:feather":5,"minecraft:leather":10,"minecraft:tuff":8,"minecraft:oak_log":41,"minecraft:gunpowder":2,"minecraft:lapis_lazuli":63,"minecraft:dirt":34,"chococraft:chocobo_feather":1,"minecraft:bone":6,"chococraft:gysahl_green":4,"minecraft:wheat_seeds":1,"minecraft:raw_gold":24,"minecraft:iron_ingot":2,"minecraft:flowering_azalea":1,"minecraft:oak_planks":8,"minecraft:sweet_berries":2,"minecraft:gravel":4,"minecraft:spruce_sapling":1,"chococraft:gysahl_green_seeds":1,"minecraft:spruce_log":45,"alexsmobs:animal_dictionary":1,"minecraft:mossy_cobblestone":1,"minecraft:diamond":16,"minecraft:stone_axe":1,"minecraft:granite":3,"minecraft:coal":156},"minecraft:dropped":{"minecraft:water_bucket":1,"minecraft:mossy_cobblestone":1,"minecraft:cobblestone":1,"chococraft:gysahl_green_seeds":1,"minecraft:dirt":19,"tombstone:grave_key":5,"minecraft:iron_pickaxe":1,"minecraft:spruce_sapling":1,"minecraft:stone_axe":1,"alexsmobs:animal_dictionary":1,"tombstone:gift":1,"minecraft:wooden_pickaxe":1},"minecraft:used":{"minecraft:stone_sword":80,"minecraft:spruce_planks":108,"minecraft:shield":28,"minecraft:iron_sword":104,"minecraft:cooked_chicken":4,"minecraft:rotten_flesh":4,"minecraft:torch":117,"minecraft:dirt":7,"chococraft:chocobo_drumstick_cooked":1,"minecraft:tuff":6,"minecraft:wooden_axe":2,"minecraft:furnace":10,"minecraft:cooked_beef":15,"minecraft:cobbled_deepslate":48,"minecraft:cooked_mutton":2,"minecraft:water_bucket":7,"minecraft:stone_pickaxe":159,"minecraft:oak_planks":154,"minecraft:wooden_pickaxe":27,"minecraft:crafting_table":10,"minecraft:iron_pickaxe":252,"tombstone:grave_key":12,"minecraft:stone_axe":110,"minecraft:cobblestone":79,"minecraft:cooked_porkchop":16,"minecraft:bucket":8,"chococraft:gysahl_green":4,"alexsmobs:animal_dictionary":1}},"DataVersion":3465}