{"stats":{"minecraft:custom":{"minecraft:mob_kills":104,"tombstone:use_vanishing":1,"minecraft:interact_with_crafting_table":48,"minecraft:open_barrel":3,"minecraft:leave_game":6,"minecraft:time_since_death":84405,"minecraft:climb_one_cm":1146,"minecraft:sprint_one_cm":613229,"minecraft:walk_one_cm":313770,"minecraft:damage_blocked_by_shield":2475,"minecraft:drop":49,"minecraft:play_time":181750,"minecraft:sneak_time":5368,"minecraft:deaths":21,"minecraft:walk_under_water_one_cm":24248,"minecraft:jump":3035,"minecraft:walk_on_water_one_cm":38374,"minecraft:total_world_time":181750,"minecraft:interact_with_furnace":56,"minecraft:time_since_rest":84035,"minecraft:damage_taken":8494,"minecraft:damage_dealt":17775,"tombstone:cast_on_ally":1,"minecraft:swim_one_cm":135473,"minecraft:fly_one_cm":536193,"minecraft:open_chest":37,"minecraft:crouch_one_cm":8825,"tombstone:undead_killed":61,"minecraft:fall_one_cm":61780},"minecraft:crafted":{"minecraft:oak_planks":16,"travelersbackpack:iron":1,"minecraft:stone_shovel":1,"minecraft:furnace":2,"minecraft:cooked_mutton":6,"minecraft:flint_and_steel":1,"minecraft:glass":15,"travelersbackpack:white_sleeping_bag":1,"minecraft:bow":2,"minecraft:iron_boots":1,"minecraft:iron_axe":2,"minecraft:stone_pickaxe":1,"minecraft:chest":1,"minecraft:cooked_porkchop":17,"minecraft:crafting_table":2,"minecraft:spruce_planks":84,"travelersbackpack:backpack_tank":2,"travelersbackpack:standard":1,"minecraft:wooden_pickaxe":1,"minecraft:iron_helmet":1,"minecraft:iron_sword":1,"minecraft:spruce_door":3,"minecraft:bucket":2,"minecraft:stone_axe":1,"minecraft:air":0,"minecraft:iron_chestplate":1,"minecraft:shield":2,"minecraft:stick":24,"minecraft:iron_ingot":49,"minecraft:iron_pickaxe":2,"minecraft:wooden_axe":1,"minecraft:stone_sword":1,"minecraft:iron_leggings":1,"aether:white_cape":1,"chococraft:choco_disguise_chestplate":1,"minecraft:torch":4},"minecraft:broken":{"minecraft:golden_helmet":1,"minecraft:shield":1,"minecraft:iron_axe":1,"minecraft:iron_pickaxe":1},"minecraft:killed":{"minecraft:spider":4,"minecraft:skeleton":17,"minecraft:turtle":2,"minecraft:pig":10,"minecraft:creeper":2,"minecraft:sheep":10,"minecraft:zombie":44,"minecraft:cow":5,"chococraft:chocobo":8},"minecraft:mined":{"minecraft:diamond_ore":1,"minecraft:tuff":19,"minecraft:spruce_planks":2,"minecraft:mossy_cobblestone":3,"minecraft:deepslate_diamond_ore":9,"minecraft:granite":2,"minecraft:grass_block":16,"minecraft:spruce_leaves":88,"minecraft:chiseled_stone_bricks":1,"minecraft:spawner":1,"minecraft:magma_block":1,"minecraft:furnace":7,"minecraft:dark_oak_trapdoor":1,"minecraft:iron_ore":73,"minecraft:fire":1,"minecraft:andesite":12,"minecraft:gold_block":5,"chococraft:gysahl_green":11,"minecraft:cave_vines":1,"minecraft:deepslate_iron_ore":29,"minecraft:cobblestone_slab":1,"minecraft:stone":152,"minecraft:bone_block":27,"minecraft:white_wool":5,"minecraft:brown_mushroom":6,"minecraft:spruce_door":2,"minecraft:crafting_table":13,"minecraft:torch":1,"minecraft:cobblestone":74,"minecraft:sugar_cane":2,"minecraft:big_dripleaf":1,"minecraft:deepslate_copper_ore":1,"minecraft:skeleton_skull":1,"minecraft:spruce_log":36,"minecraft:oak_log":54,"minecraft:grass":11,"minecraft:coal_ore":21,"minecraft:gravel":16,"minecraft:sand":28,"minecraft:dirt":7,"structure_gel:dynamic_spawner":5,"minecraft:cobweb":7,"minecraft:smooth_basalt":1,"minecraft:stone_bricks":7,"minecraft:mossy_stone_bricks":1,"minecraft:oak_leaves":17,"minecraft:deepslate":28,"minecraft:fern":2},"minecraft:picked_up":{"minecraft:crafting_table":13,"minecraft:cocoa_beans":3,"chococraft:loverly_gysahl_green":2,"tombstone:dust_of_vanishing":1,"minecraft:chainmail_boots":1,"minecraft:brown_mushroom":7,"aether:iron_gloves":1,"minecraft:gold_block":5,"minecraft:enchanted_book":1,"tombstone:grave_key":1,"minecraft:string":2,"minecraft:armor_stand":2,"minecraft:spruce_planks":2,"minecraft:beef":7,"minecraft:light_gray_wool":1,"minecraft:sugar_cane":6,"minecraft:furnace":7,"minecraft:golden_helmet":1,"minecraft:stick":4,"minecraft:raw_iron":131,"minecraft:big_dripleaf":1,"minecraft:torch":1,"minecraft:porkchop":17,"tombstone:grave_dust":19,"minecraft:golden_chestplate":1,"minecraft:arrow":18,"minecraft:rotten_flesh":27,"chiselsandbits:chisel_stone":1,"tombstone:essence_of_undeath":2,"chococraft:chocobo_drumstick_raw":8,"minecraft:mutton":13,"minecraft:bone_block":26,"minecraft:skeleton_skull":2,"minecraft:white_wool":14,"minecraft:cobblestone":217,"minecraft:leather_chestplate":1,"minecraft:leather":4,"minecraft:potato":1,"minecraft:flint":1,"minecraft:oak_log":54,"minecraft:gunpowder":1,"minecraft:dirt":5,"chococraft:chocobo_feather":9,"minecraft:bone":19,"chococraft:chocopedia":1,"chococraft:gysahl_green":39,"chiselsandbits:chiseled_block":1,"minecraft:stone_bricks":6,"minecraft:bow":4,"minecraft:wheat_seeds":10,"minecraft:smooth_basalt":1,"minecraft:chiseled_stone_bricks":1,"minecraft:gravel":12,"minecraft:sand":39,"minecraft:spruce_sapling":1,"chococraft:gysahl_green_seeds":11,"minecraft:spruce_log":35,"minecraft:spruce_door":2,"minecraft:iron_hoe":1,"minecraft:diamond":10,"tombstone:magic_scroll":2,"minecraft:oak_sapling":1,"minecraft:coal":20},"minecraft:dropped":{"minecraft:enchanted_book":1,"minecraft:iron_ingot":2,"minecraft:brown_mushroom":3,"minecraft:wheat_seeds":9,"minecraft:book":2,"chococraft:gysahl_green_seeds":11,"chococraft:chocopedia":1,"minecraft:saddle":1,"minecraft:stick":3,"minecraft:dirt":1,"tombstone:grave_key":2,"tombstone:grave_dust":7,"minecraft:iron_shovel":1,"minecraft:white_wool":4,"chiselsandbits:block_bit":70,"minecraft:armor_stand":2,"minecraft:gravel":12,"minecraft:stone_sword":1,"tombstone:gift":1,"minecraft:rotten_flesh":2,"minecraft:iron_hoe":1,"minecraft:torchflower_seeds":1,"chiselsandbits:chisel_stone":1,"minecraft:big_dripleaf":1,"minecraft:leather_chestplate":1,"minecraft:gunpowder":1,"minecraft:skeleton_skull":2,"minecraft:stone_bricks":5,"tombstone:essence_of_undeath":1,"chiselsandbits:chiseled_block":1,"minecraft:arrow":5,"minecraft:bow":2,"minecraft:stone_pickaxe":1},"minecraft:used":{"minecraft:stone_sword":61,"minecraft:flint_and_steel":1,"minecraft:stone_shovel":54,"minecraft:spruce_planks":48,"minecraft:shield":56,"minecraft:iron_sword":64,"minecraft:torch":18,"minecraft:spyglass":14,"minecraft:wooden_axe":24,"minecraft:lava_bucket":27,"minecraft:iron_axe":210,"minecraft:stone_bricks":1,"minecraft:light_gray_wool":1,"chiselsandbits:chisel_stone":3,"minecraft:bow":8,"minecraft:furnace":6,"tombstone:gift":2,"minecraft:cooked_mutton":6,"minecraft:water_bucket":21,"minecraft:spruce_door":3,"minecraft:stone_pickaxe":65,"minecraft:wooden_pickaxe":5,"minecraft:crafting_table":14,"tombstone:dust_of_vanishing":1,"minecraft:spruce_log":1,"tombstone:bag_of_seeds":2,"minecraft:bread":11,"minecraft:iron_pickaxe":425,"tombstone:magic_scroll":13,"tombstone:grave_key":7,"minecraft:stone_axe":73,"minecraft:chiseled_stone_bricks":1,"travelersbackpack:standard":2,"minecraft:cobblestone":120,"minecraft:cooked_porkchop":17,"minecraft:bucket":48,"chococraft:gysahl_green":89},"minecraft:killed_by":{"minecraft:spider":1}},"DataVersion":3465}