{"stats":{"minecraft:custom":{"minecraft:mob_kills":149,"tombstone:use_vanishing":1,"minecraft:interact_with_crafting_table":55,"minecraft:open_barrel":29,"minecraft:leave_game":9,"minecraft:time_since_death":6066,"minecraft:climb_one_cm":3043,"minecraft:sprint_one_cm":1134558,"minecraft:walk_one_cm":480523,"minecraft:damage_blocked_by_shield":4650,"minecraft:drop":69,"minecraft:play_time":270238,"minecraft:sneak_time":5745,"minecraft:deaths":31,"minecraft:walk_under_water_one_cm":28698,"minecraft:boat_one_cm":253485,"minecraft:jump":5525,"minecraft:interact_with_blast_furnace":1,"minecraft:walk_on_water_one_cm":56051,"minecraft:total_world_time":270238,"minecraft:interact_with_furnace":75,"minecraft:time_since_rest":4803,"minecraft:damage_taken":12799,"minecraft:damage_dealt":27535,"tombstone:cast_on_ally":1,"minecraft:swim_one_cm":214700,"minecraft:fly_one_cm":1049330,"minecraft:crouch_one_cm":9536,"minecraft:open_chest":48,"tombstone:undead_killed":84,"minecraft:fall_one_cm":114003},"minecraft:crafted":{"minecraft:oak_planks":28,"travelersbackpack:iron":1,"minecraft:stone_shovel":1,"chococraft:chocobo_drumstick_cooked":8,"minecraft:furnace":2,"minecraft:cooked_mutton":13,"minecraft:flint_and_steel":1,"minecraft:glass":15,"travelersbackpack:white_sleeping_bag":1,"minecraft:bow":2,"minecraft:iron_boots":1,"minecraft:iron_axe":2,"chococraft:choco_disguise_leggings":1,"minecraft:stone_pickaxe":1,"minecraft:chest":1,"minecraft:spruce_boat":1,"minecraft:cooked_beef":9,"minecraft:cooked_porkchop":17,"minecraft:crafting_table":3,"minecraft:spruce_planks":96,"chococraft:choco_disguise_boots":1,"travelersbackpack:backpack_tank":2,"minecraft:iron_helmet":1,"minecraft:wooden_pickaxe":1,"travelersbackpack:standard":1,"minecraft:iron_sword":1,"minecraft:spruce_door":3,"minecraft:bucket":2,"minecraft:stone_axe":1,"minecraft:air":0,"minecraft:oak_boat":2,"minecraft:iron_chestplate":1,"minecraft:shield":2,"minecraft:stick":32,"minecraft:iron_ingot":49,"minecraft:iron_pickaxe":3,"minecraft:wooden_axe":1,"minecraft:stone_sword":1,"minecraft:iron_leggings":1,"aether:white_cape":1,"chococraft:choco_disguise_chestplate":1,"minecraft:torch":20},"minecraft:broken":{"minecraft:golden_helmet":1,"minecraft:shield":2,"minecraft:iron_axe":1,"minecraft:iron_pickaxe":2,"minecraft:iron_helmet":1},"minecraft:killed":{"minecraft:spider":9,"minecraft:skeleton":29,"alexsmobs:centipede_head":1,"minecraft:turtle":2,"minecraft:husk":4,"minecraft:pig":10,"minecraft:creeper":2,"minecraft:sheep":10,"minecraft:zombie":51,"minecraft:cow":13,"chococraft:chocobo":16},"minecraft:mined":{"minecraft:waxed_cut_copper_slab":1,"minecraft:diamond_ore":1,"minecraft:tuff":20,"minecraft:spruce_planks":2,"minecraft:mossy_cobblestone":3,"minecraft:deepslate_diamond_ore":18,"minecraft:red_nether_bricks":2,"minecraft:granite":3,"minecraft:grass_block":18,"travelersbackpack:iron":5,"minecraft:spruce_leaves":89,"minecraft:chiseled_stone_bricks":1,"minecraft:spawner":6,"minecraft:magma_block":1,"minecraft:furnace":9,"minecraft:dark_oak_trapdoor":1,"minecraft:iron_ore":80,"minecraft:fire":1,"minecraft:andesite":12,"minecraft:gold_block":5,"minecraft:bookshelf":4,"chococraft:gysahl_green":16,"minecraft:cave_vines":1,"minecraft:deepslate_iron_ore":53,"minecraft:cobblestone_slab":1,"minecraft:smooth_quartz_stairs":1,"minecraft:stripped_mangrove_wood":2,"minecraft:stone":153,"minecraft:white_banner":1,"minecraft:bone_block":27,"minecraft:white_wool":5,"minecraft:deepslate_redstone_ore":10,"minecraft:brown_mushroom":6,"minecraft:spruce_door":2,"minecraft:crafting_table":17,"minecraft:torch":6,"minecraft:emerald_ore":1,"minecraft:calcite":9,"minecraft:cobblestone":76,"minecraft:deepslate_gold_ore":5,"minecraft:sugar_cane":2,"minecraft:diorite":1,"minecraft:wall_torch":2,"minecraft:big_dripleaf":1,"minecraft:deepslate_copper_ore":1,"minecraft:skeleton_skull":1,"minecraft:cyan_wool":1,"minecraft:black_stained_glass":1,"minecraft:dark_oak_slab":2,"minecraft:spruce_log":39,"minecraft:birch_leaves":1,"minecraft:white_wall_banner":1,"minecraft:mangrove_slab":1,"minecraft:grass":11,"minecraft:oak_log":54,"minecraft:coal_ore":21,"minecraft:gravel":16,"minecraft:sand":28,"minecraft:dirt":7,"minecraft:gray_carpet":1,"structure_gel:dynamic_spawner":5,"minecraft:cobweb":7,"minecraft:smooth_basalt":1,"minecraft:stone_bricks":7,"minecraft:mossy_stone_bricks":1,"minecraft:oak_leaves":17,"minecraft:deepslate":38,"minecraft:fern":3},"minecraft:picked_up":{"minecraft:crafting_table":17,"minecraft:cocoa_beans":3,"chococraft:loverly_gysahl_green":2,"tombstone:dust_of_vanishing":1,"minecraft:chainmail_boots":1,"minecraft:brown_mushroom":7,"aether:iron_gloves":1,"minecraft:gold_block":5,"minecraft:enchanted_book":1,"tombstone:grave_key":2,"minecraft:string":4,"minecraft:item_frame":2,"minecraft:armor_stand":2,"minecraft:cobbled_deepslate":10,"minecraft:spruce_planks":2,"minecraft:beef":25,"minecraft:cyan_wool":1,"minecraft:calcite":9,"minecraft:light_gray_wool":1,"minecraft:sugar_cane":6,"minecraft:furnace":9,"minecraft:golden_helmet":1,"minecraft:stick":4,"minecraft:raw_iron":162,"minecraft:big_dripleaf":1,"minecraft:torch":8,"minecraft:porkchop":17,"tombstone:grave_dust":23,"minecraft:diorite":1,"minecraft:redstone":44,"minecraft:golden_chestplate":1,"travelersbackpack:iron":5,"minecraft:arrow":35,"minecraft:rotten_flesh":37,"chiselsandbits:chisel_stone":1,"tombstone:essence_of_undeath":2,"chococraft:chocobo_drumstick_raw":16,"minecraft:bone_block":26,"minecraft:mutton":13,"minecraft:skeleton_skull":2,"minecraft:white_wool":14,"minecraft:cobblestone":219,"minecraft:leather_chestplate":1,"minecraft:leather":15,"minecraft:potato":1,"minecraft:flint":1,"minecraft:tuff":1,"minecraft:oak_log":54,"minecraft:gunpowder":1,"minecraft:dirt":7,"minecraft:white_banner":2,"chococraft:chocobo_feather":21,"minecraft:bone":31,"chococraft:chocopedia":1,"chococraft:gysahl_green":51,"chiselsandbits:chiseled_block":1,"minecraft:stone_bricks":6,"minecraft:bow":4,"minecraft:wheat_seeds":10,"minecraft:raw_gold":5,"tombstone:bag_of_seeds":1,"minecraft:book":12,"minecraft:smooth_basalt":1,"minecraft:dark_oak_slab":2,"minecraft:chiseled_stone_bricks":1,"minecraft:gravel":12,"minecraft:sand":39,"chococraft:gysahl_green_seeds":15,"minecraft:spruce_sapling":1,"minecraft:spruce_log":38,"minecraft:spruce_door":2,"minecraft:spider_eye":2,"minecraft:bundle":1,"minecraft:iron_hoe":1,"minecraft:spruce_boat":1,"minecraft:diamond":19,"waystones:waystone":1,"minecraft:granite":1,"minecraft:golden_apple":1,"minecraft:emerald":1,"tombstone:magic_scroll":2,"minecraft:oak_sapling":1,"minecraft:coal":22},"minecraft:dropped":{"minecraft:enchanted_book":1,"minecraft:iron_ingot":2,"minecraft:brown_mushroom":3,"minecraft:wheat_seeds":9,"minecraft:dark_oak_slab":2,"minecraft:book":2,"minecraft:granite":1,"chococraft:gysahl_green_seeds":15,"chococraft:chocopedia":1,"minecraft:saddle":1,"minecraft:item_frame":1,"minecraft:stick":3,"minecraft:dirt":5,"tombstone:bag_of_seeds":1,"tombstone:grave_key":3,"tombstone:grave_dust":12,"minecraft:iron_shovel":1,"minecraft:white_wool":5,"minecraft:gray_carpet":1,"minecraft:armor_stand":2,"chiselsandbits:block_bit":70,"minecraft:bone":2,"minecraft:gravel":12,"alexsmobs:centipede_leg":2,"minecraft:stone_sword":1,"chococraft:chocobo_feather":1,"minecraft:tuff":1,"tombstone:gift":1,"minecraft:rotten_flesh":6,"minecraft:iron_hoe":1,"minecraft:torchflower_seeds":1,"chiselsandbits:chisel_stone":1,"minecraft:big_dripleaf":1,"minecraft:leather_chestplate":1,"minecraft:gunpowder":1,"minecraft:skeleton_skull":2,"minecraft:oak_sapling":1,"minecraft:spider_eye":2,"minecraft:stone_bricks":5,"tombstone:essence_of_undeath":1,"chiselsandbits:chiseled_block":1,"minecraft:arrow":5,"minecraft:bow":2,"minecraft:stone_pickaxe":1},"minecraft:used":{"minecraft:stone_sword":61,"minecraft:flint_and_steel":1,"minecraft:stone_shovel":54,"minecraft:spruce_planks":48,"minecraft:shield":93,"minecraft:iron_sword":184,"minecraft:torch":34,"minecraft:spyglass":14,"chococraft:chocobo_drumstick_cooked":8,"travelersbackpack:iron":3,"minecraft:spruce_boat":1,"minecraft:wooden_axe":24,"minecraft:lava_bucket":27,"minecraft:iron_axe":249,"minecraft:stone_bricks":1,"minecraft:light_gray_wool":1,"chiselsandbits:chisel_stone":3,"minecraft:bow":8,"minecraft:furnace":8,"tombstone:gift":3,"minecraft:cooked_beef":9,"minecraft:cooked_mutton":13,"minecraft:water_bucket":22,"minecraft:spruce_door":3,"minecraft:stone_pickaxe":65,"minecraft:wooden_pickaxe":5,"minecraft:crafting_table":18,"tombstone:dust_of_vanishing":1,"minecraft:spruce_log":1,"tombstone:bag_of_seeds":2,"minecraft:bread":17,"minecraft:iron_pickaxe":523,"tombstone:magic_scroll":13,"tombstone:grave_key":10,"minecraft:chiseled_stone_bricks":1,"minecraft:stone_axe":73,"travelersbackpack:standard":2,"minecraft:cobblestone":175,"minecraft:cooked_porkchop":17,"minecraft:bucket":50,"chococraft:gysahl_green":117,"minecraft:oak_boat":2},"minecraft:killed_by":{"minecraft:husk":1,"minecraft:spider":1}},"DataVersion":3465}