{"stats":{"minecraft:custom":{"minecraft:jump":45,"minecraft:time_since_rest":6718,"minecraft:crouch_one_cm":49,"minecraft:leave_game":3,"minecraft:play_time":6718,"minecraft:sprint_one_cm":5044,"minecraft:walk_on_water_one_cm":612,"minecraft:time_since_death":6718,"minecraft:walk_one_cm":4131,"minecraft:sneak_time":54,"minecraft:total_world_time":6718,"minecraft:walk_under_water_one_cm":1548,"minecraft:swim_one_cm":3349,"minecraft:fall_one_cm":269,"minecraft:fly_one_cm":4604}},"DataVersion":3465}